"","Row.names","Month","Year","Pond","Dist_Lake","Position","newdate","DaysFromBeg","SeasonUnique","Season","Season_Year","Season_Year2","Treat","Cond","pH","O2","WT","DOC","FL","CL","NO3","PO4","SO4","Na","NH4","K","Mg","Ca","WatLev","Tadp","SubVeg","Pond_dateEnv","Month1","Year1","Pond1","Dist_Lake1","Position1","newdate1","DaysFromBeg1","SeasonUnique1","Season1","Season_Year1","Season_Year21","Treat1","Amphipoda_Gammaridea","Basommatophora_Ancylidae","Basommatophora_Lymnaeidae","Basommatophora_Planorbidae","Coleoptera","Coleoptera_adult","Coleoptera_Dytiscidae","Coleoptera_Dytiscidae_adult","Coleoptera_Elmidae_adult","Coleoptera_Gyrinidae","Coleoptera_Hydrophilidae_adult","Coleoptera_Hydrophilidae","Diptera_Ceratopogonidae","Diptera_Chaoboridae","Diptera_Chironomidae","Diptera_Culicidae","Diptera_Tabanidae","Ephemeroptera","Ephemeroptera_Leptophlebiidae","Ephemeroptera_Baetidae","Ephemeroptera_Caenidae","Ephemeroptera_Heptageniidae","Gastropoda","Gerridae","Hemiptera","Hemiptera_Corixidae","Hemiptera_Hydrometridae","Hemiptera_Notonectidae","Hirudinida_Glossiphoniidae","Megaloptera_Sialidae","Odonata","Odonata_Aeshnidae","Odonata_Coenagrionidae","Odonata_Lestidae","Odonata_Libellulidae","Odonata_Zygoptera","Oligochaeta","Physidae","Plecoptera","Plecoptera_Leuctridae","Plecoptera_Nemouridae","Plecoptera_Perloidea","Sphaeriida_Sphaeriidae","Trichoptera","Trichoptera_Leptoceridae","Trichoptera_Limnephilidae","Trichoptera_Limnophlebidae","Trichoptera_Polycentropodidae","Turbellaria","Pond_dateTaxa"
"1","1",12,"2017","P9",115,"Left",2017-12-11,40,"1_W17","Win","W_17","Win1","C",126,8.6,12.1,3.703827751,4.99,0.095,1.368,0.998,0.025,4.191,2.029,0.01,2.64,4.129706006,15.06711727,30,0,2.185,"P9-2017-12-11",12,"2017","P9",115,"Left",2017-12-11,40,"1_W17","Win","W_17","Win1","C",0,0,0,0,0,0,0,0,0,0,0,0,0,0,7,0,0,0,0,0,0,0,0,0,0,0,0,0,0,0,0,0,0,0,0,0,0,0,0,0,0,0,0,0,0,0,0,0,0,"P9-2017-12-11"
"93","2",12,"2017","P11",135,"Left",2017-12-11,40,"1_W17","Win","W_17","Win1","C",174,8.6,12.94285714,4.115789474,3.77,0.119,1.282,0.9295,0.025,6.83,1.7805,0.01,1.909,2.11729694,20.84467718,30,0,5.315,"P11-2017-12-11",12,"2017","P11",135,"Left",2017-12-11,40,"1_W17","Win","W_17","Win1","C",0,0,0,0,0,0,0,0,0,0,0,0,0,0,1,0,0,0,0,0,0,0,0,0,0,0,0,0,0,0,0,0,0,0,0,0,0,0,1,0,0,0,0,0,0,0,0,0,0,"P11-2017-12-11"
"104","3",12,"2017","P5",75,"Middle",2017-12-11,40,"1_W17","Win","W_17","Win1","C",123,8.6,12.27142857,3.568421053,3.49,0.101,1.463,0.81,0.025,4.411,2.9555,0.01,2.618,4.148932844,9.471480551,29,0,4.305,"P5-2017-12-11",12,"2017","P5",75,"Middle",2017-12-11,40,"1_W17","Win","W_17","Win1","C",0,0,0,0,0,0,0,0,0,0,0,0,0,0,0,0,0,0,0,0,0,0,0,0,0,0,0,0,0,0,0,0,0,0,0,0,0,0,0,0,0,0,0,0,0,0,0,0,0,"P5-2017-12-11"
"115","4",12,"2017","P7",95,"Middle",2017-12-11,40,"1_W17","Win","W_17","Win1","C",164,8.7,12.84761905,3.742105263,4.21,0.107,1.799,0.8695,0.025,9.949,1.5515,0.01,2.747,4.770600613,11.17782432,30,0,4.29,"P7-2017-12-11",12,"2017","P7",95,"Middle",2017-12-11,40,"1_W17","Win","W_17","Win1","C",0,0,0,0,0,0,0,0,0,0,0,0,0,0,0,0,0,0,0,0,0,0,0,0,0,0,0,0,0,0,0,0,0,0,0,0,0,0,0,0,0,0,0,0,0,0,0,0,0,"P7-2017-12-11"
"126","5",12,"2017","P1",35,"Right",2017-12-11,40,"1_W17","Win","W_17","Win1","C",132,8.3,10.71904762,3.668421053,4,0.089,1.592,0.8815,0.025,5.662,1.94,0.01,3.177,5.212817892,16.23353911,29,0,1.05,"P1-2017-12-11",12,"2017","P1",35,"Right",2017-12-11,40,"1_W17","Win","W_17","Win1","C",0,0,0,0,0,0,0,0,0,0,0,0,0,0,1,0,0,0,0,1,0,0,0,0,0,0,0,0,0,0,0,0,0,0,0,0,0,0,0,0,0,0,0,0,0,0,0,0,0,"P1-2017-12-11"
"137","6",12,"2017","P3",55,"Right",2017-12-11,40,"1_W17","Win","W_17","Win1","C",170,8.8,12.64285714,3.615789474,4.78,0.107,1.851,0.786,0.025,11.649,2.268,0.01,3.457,4.33479228,18.41433025,28,0,2.745,"P3-2017-12-11",12,"2017","P3",55,"Right",2017-12-11,40,"1_W17","Win","W_17","Win1","C",0,0,0,0,0,0,0,0,0,0,0,0,0,0,0,0,0,0,0,0,0,0,0,0,0,0,0,0,0,0,0,0,0,0,0,0,0,0,0,0,0,0,0,0,0,0,0,0,0,"P3-2017-12-11"
"172","91",12,"2017","P10",125,"Left",2017-12-11,40,"1_W17","Win","W_17","Win1","T",187,8.5,11.78095238,3.884210526,3.71,0.113,1.386,0.9655,0.025,6.403,2.022,0.01,2.919,4.994913726,18.93834109,30,0,6.295,"P10-2017-12-11",12,"2017","P10",125,"Left",2017-12-11,40,"1_W17","Win","W_17","Win1","T",0,0,0,0,0,0,0,0,0,0,0,0,0,0,0,0,0,0,0,0,0,0,0,0,0,0,0,0,0,0,0,0,0,0,0,0,0,0,0,0,0,0,0,0,0,0,0,0,0,"P10-2017-12-11"
"173","92",12,"2017","P12",145,"Left",2017-12-11,40,"1_W17","Win","W_17","Win1","T",147,8.4,11.44285714,3.963157895,2.94,0.113,1.394,1.049,0.025,6.309,1.597,0.01,1.888,2.014753803,17.70403906,30,0,3.01,"P12-2017-12-11",12,"2017","P12",145,"Left",2017-12-11,40,"1_W17","Win","W_17","Win1","T",0,0,0,0,0,0,0,0,0,0,0,0,0,0,0,0,0,0,0,0,0,0,0,0,0,0,0,0,0,0,0,0,0,0,0,0,0,0,0,0,0,0,0,0,0,0,0,0,0,"P12-2017-12-11"
"174","93",12,"2017","P6",85,"Middle",2017-12-11,40,"1_W17","Win","W_17","Win1","T",146,8.7,13.38095238,3.642105263,4.18,0.107,1.498,0.99,0.025,6.778,1.5525,0.01,2.726,4.405290687,11.18410051,29,0,2.92,"P6-2017-12-11",12,"2017","P6",85,"Middle",2017-12-11,40,"1_W17","Win","W_17","Win1","T",0,0,0,0,0,0,0,0,0,0,0,0,0,0,0,0,0,0,0,1,0,0,0,0,0,0,0,0,0,0,0,0,0,0,0,0,0,0,0,0,0,0,0,0,0,0,0,0,0,"P6-2017-12-11"
"175","94",12,"2017","P8",105,"Middle",2017-12-11,40,"1_W17","Win","W_17","Win1","T",113,8.5,12.2952381,3.568421053,3.89,0.089,1.463,1.0605,0.025,4.306,1.7315,0.01,2.511,3.931028678,12.6154906,30,0,2.28,"P8-2017-12-11",12,"2017","P8",105,"Middle",2017-12-11,40,"1_W17","Win","W_17","Win1","T",1,0,0,0,0,0,0,0,0,0,0,0,0,0,0,0,0,0,0,0,0,0,0,0,0,0,0,0,0,0,0,0,0,0,0,0,0,0,0,0,0,0,0,0,0,0,0,0,0,"P8-2017-12-11"
"176","95",12,"2017","P2",45,"Right",2017-12-11,40,"1_W17","Win","W_17","Win1","T",138,8.6,11.85714286,3.589473684,4.39,0.101,1.61,0.607,0.025,6.465,1.891,0.01,3.328,4.039980761,15.22527074,28,0,3.925,"P2-2017-12-11",12,"2017","P2",45,"Right",2017-12-11,40,"1_W17","Win","W_17","Win1","T",0,0,0,0,0,0,0,0,0,0,0,0,0,0,1,0,0,0,0,1,0,0,0,0,0,0,0,0,0,0,0,0,0,0,0,0,0,0,0,0,0,0,0,0,0,0,0,0,0,"P2-2017-12-11"
"177","96",12,"2017","P4",65,"Right",2017-12-11,40,"1_W17","Win","W_17","Win1","T",132,8.9,12.86666667,3.384210526,3.93,0.101,1.429,0.8935,0.025,5.673,1.859,0.01,2.984,4.245067035,13.91483471,29,0,0.545,"P4-2017-12-11",12,"2017","P4",65,"Right",2017-12-11,40,"1_W17","Win","W_17","Win1","T",0,0,0,0,0,0,0,0,0,0,0,0,0,0,0,0,0,0,0,0,0,0,0,0,0,0,0,0,0,0,0,0,0,0,0,0,0,0,0,0,0,0,0,0,0,0,0,0,0,"P4-2017-12-11"
"2","10",2,"2018","P7",95,"Middle",2018-02-05,96,"2_W17","Win","W_17","Win1","C",156.9,7.88,12.04603175,5.893274854,4.75,0.08,0.756,0.1255,NA,4.8855,1.644,0.01,1.604,2.610858119,27.20815764,30,0,11.93,"P7-2018-02-05",2,"2018","P7",95,"Middle",2018-02-05,96,"2_W17","Win","W_17","Win1","C",0,0,0,0,0,0,0,0,0,0,0,0,0,0,1,0,0,0,0,1,0,0,0,0,0,0,0,0,0,0,0,0,0,0,0,0,0,0,0,0,0,0,0,0,0,0,0,0,0,"P7-2018-02-05"
"3","100",2,"2018","P8",105,"Middle",2018-02-05,96,"2_W17","Win","W_17","Win1","T",91.8,7.93,12.36984127,5.661988304,4.64,NA,NA,NA,NA,NA,2.179,0.01,2.158,2.039063612,14.85151048,30,0,9.73,"P8-2018-02-05",2,"2018","P8",105,"Middle",2018-02-05,96,"2_W17","Win","W_17","Win1","T",0,0,0,8,0,0,0,0,0,0,0,0,0,0,0,0,0,0,0,0,0,0,0,0,0,0,0,0,0,0,0,0,0,0,0,0,0,0,0,0,0,0,0,0,0,0,0,0,0,"P8-2018-02-05"
"4","101",2,"2018","P2",45,"Right",2018-02-05,96,"2_W17","Win","W_17","Win1","T",131.8,8.35,11.76746032,5.689181287,4.4,0.068,0.6955,0.1005,0.025,4.49,2.122,0.01,2.22,1.906574641,25.78387121,31,0,10.69,"P2-2018-02-05",2,"2018","P2",45,"Right",2018-02-05,96,"2_W17","Win","W_17","Win1","T",0,0,0,0,0,0,0,0,0,0,0,0,0,0,4,0,0,0,0,2,0,0,0,0,0,0,0,0,0,0,0,0,0,0,0,0,0,0,0,0,0,0,0,0,0,0,0,0,0,"P2-2018-02-05"
"5","102",2,"2018","P4",65,"Right",2018-02-05,96,"2_W17","Win","W_17","Win1","T",128,8.03,12.17222222,5.669883041,4.17,NA,NA,NA,NA,NA,1.28,0.01,1.624,1.8298705,22.99945539,30,0,1.26,"P4-2018-02-05",2,"2018","P4",65,"Right",2018-02-05,96,"2_W17","Win","W_17","Win1","T",0,0,0,0,0,0,0,0,0,0,0,0,0,0,0,0,0,0,0,1,0,0,0,0,0,0,0,0,0,0,0,0,0,0,0,0,0,0,0,0,0,0,0,0,0,0,0,0,0,"P4-2018-02-05"
"13","11",2,"2018","P1",35,"Right",2018-02-05,96,"2_W17","Win","W_17","Win1","C",199.9,8.25,11.27063492,5.611988304,7.34,0.0935,0.698,0.0755,0.025,7.3855,2.567,0.01,2.754,4.354134054,21.87029137,38,0,0,"P1-2018-02-05",2,"2018","P1",35,"Right",2018-02-05,96,"2_W17","Win","W_17","Win1","C",0,0,0,0,0,0,0,0,0,0,0,0,0,0,7,0,0,0,0,1,0,0,0,0,0,0,0,0,0,0,0,0,0,0,0,0,0,0,1,0,0,0,0,0,0,0,0,0,0,"P1-2018-02-05"
"24","12",2,"2018","P3",55,"Right",2018-02-05,96,"2_W17","Win","W_17","Win1","C",165.5,8.28,11.86587302,5.730116959,4.89,0.072,0.6955,0.0755,0.025,6.8305,2.111,0.01,2.405,2.569019496,26.78744403,30,0,1.36,"P3-2018-02-05",2,"2018","P3",55,"Right",2018-02-05,96,"2_W17","Win","W_17","Win1","C",0,0,0,0,0,0,0,0,0,0,0,0,0,0,0,0,0,0,0,0,0,0,0,0,0,0,0,0,0,0,0,0,0,0,0,0,0,0,0,0,0,0,0,0,0,0,0,0,0,"P3-2018-02-05"
"148","7",2,"2018","P9",115,"Left",2018-02-05,96,"2_W17","Win","W_17","Win1","C",134.7,7.91,11.61666667,5.743833068,4.94,0.072,0.6655,0.1075,0.025,3.5225,1.792,0.01,2.405,1.941440159,20.76679017,30,0,3.37,"P9-2018-02-05",2,"2018","P9",115,"Left",2018-02-05,96,"2_W17","Win","W_17","Win1","C",0,0,0,0,0,0,0,0,0,0,0,0,0,0,0,0,0,0,0,1,0,0,0,0,0,0,0,0,0,0,0,0,0,0,0,0,0,0,0,0,0,0,0,0,0,0,0,0,0,"P9-2018-02-05"
"159","8",2,"2018","P11",135,"Left",2018-02-05,96,"2_W17","Win","W_17","Win1","C",163.8,8.34,13.19365079,5.969005848,5.26,0.139,0.6695,0.088,0.025,5.102,1.804,0.01,2.055,3.112921588,15.74970913,20,0,17.08,"P11-2018-02-05",2,"2018","P11",135,"Left",2018-02-05,96,"2_W17","Win","W_17","Win1","C",0,0,0,0,0,0,0,0,0,0,0,0,0,0,2,0,0,0,0,0,0,0,0,0,0,0,0,0,0,0,0,0,0,0,0,0,0,0,0,0,0,0,0,0,0,0,0,0,0,"P11-2018-02-05"
"170","9",2,"2018","P5",75,"Middle",2018-02-05,96,"2_W17","Win","W_17","Win1","C",106.6,8.1,12.32460317,5.745321637,4.43,NA,NA,NA,NA,NA,1.61,0.01,2.096,2.24128362,14.08162592,30,0,9.35,"P5-2018-02-05",2,"2018","P5",75,"Middle",2018-02-05,96,"2_W17","Win","W_17","Win1","C",0,0,0,0,0,0,0,0,0,0,0,0,0,0,0,0,0,0,0,3,0,0,0,0,0,0,0,0,0,0,0,0,0,0,0,0,0,0,0,0,0,0,0,0,0,0,0,0,0,"P5-2018-02-05"
"178","97",2,"2018","P10",125,"Left",2018-02-05,96,"2_W17","Win","W_17","Win1","T",201.4,8.09,12.82380952,5.836549708,5.17,0.091,0.6725,0.232,0.025,2.4195,2.384,0.01,2.24,3.740500925,25.78387121,30.5,0,7.83,"P10-2018-02-05",2,"2018","P10",125,"Left",2018-02-05,96,"2_W17","Win","W_17","Win1","T",0,0,0,0,0,0,0,0,0,0,0,0,0,0,2,0,0,0,0,1,0,0,0,0,0,0,0,0,0,0,0,0,0,0,0,0,0,0,0,0,0,0,0,0,0,0,0,0,0,"P10-2018-02-05"
"179","98",2,"2018","P12",145,"Left",2018-02-05,96,"2_W17","Win","W_17","Win1","T",202.4,6.72,11.86031746,5.642690058,5.71,NA,NA,NA,NA,NA,3.09,0.122,2.487,4.277429913,16.69490189,32,0,10.14,"P12-2018-02-05",2,"2018","P12",145,"Left",2018-02-05,96,"2_W17","Win","W_17","Win1","T",0,0,0,0,0,0,0,0,0,0,0,0,0,0,1,0,0,0,0,3,0,0,0,0,0,0,0,0,0,0,0,0,0,0,0,0,2,0,0,0,0,0,0,0,0,0,0,0,0,"P12-2018-02-05"
"180","99",2,"2018","P6",85,"Middle",2018-02-05,96,"2_W17","Win","W_17","Win1","T",87.9,8.03,13.12380952,5.732163743,4.14,NA,NA,NA,NA,NA,1.986,0.01,2.61,3.552227124,14.17144578,30,0,5.25,"P6-2018-02-05",2,"2018","P6",85,"Middle",2018-02-05,96,"2_W17","Win","W_17","Win1","T",0,0,0,0,0,0,0,0,0,0,0,0,0,0,0,0,0,0,0,0,0,0,0,0,0,0,0,0,0,0,0,0,0,0,0,0,0,0,0,0,0,0,0,0,0,0,0,0,0,"P6-2018-02-05"
"6","103",5,"2018","P10",125,"Left",2018-05-02,182,"3_SP18","Spr","SP_18","Sp1","T",299.4,8.12,7.164516129,17.28387097,12.39,0.217,3.195,0.102,0.025,0.988,2.93,1.24,5.26,7.56085441,NA,29,10.44007591,6.53,"P10-2018-05-02",5,"2018","P10",125,"Left",2018-05-02,182,"3_SP18","Spr","SP_18","Sp1","T",0,0,0,0,0,0,0,0,0,0,0,0,0,0,157,0,0,0,0,0,0,0,0,0,0,0,0,0,0,0,0,0,0,0,0,0,101,0,0,0,0,0,0,0,0,0,0,0,0,"P10-2018-05-02"
"7","104",5,"2018","P12",145,"Left",2018-05-02,182,"3_SP18","Spr","SP_18","Sp1","T",264.2,7.95,7.774193548,16.99354839,9.31,0.144,2.519,0.176,0.025,2.831,2.28,1.2,4.31,5.376172351,19.4279504,30,12.34801188,5.715,"P12-2018-05-02",5,"2018","P12",145,"Left",2018-05-02,182,"3_SP18","Spr","SP_18","Sp1","T",0,0,0,0,0,0,0,0,0,0,0,0,0,0,106,0,0,0,0,0,0,0,0,0,0,0,0,0,0,0,0,0,0,0,0,0,223,0,0,0,0,0,0,0,0,0,0,0,0,"P12-2018-05-02"
"8","105",5,"2018","P6",85,"Middle",2018-05-02,182,"3_SP18","Spr","SP_18","Sp1","T",248.2,8.26,8.232258065,17.76451613,7.82,0.152,1.978,0.127,0.025,7.191,2.2,0.01,3.91,5.23774897,28.75756647,27.5,33.9442683,0,"P6-2018-05-02",5,"2018","P6",85,"Middle",2018-05-02,182,"3_SP18","Spr","SP_18","Sp1","T",0,0,0,0,2,0,2,0,0,0,0,0,0,0,123,0,0,0,0,0,0,0,0,0,0,0,0,0,0,0,0,0,0,0,0,0,80,0,0,0,0,0,0,0,0,0,0,0,0,"P6-2018-05-02"
"9","106",5,"2018","P8",105,"Middle",2018-05-02,182,"3_SP18","Spr","SP_18","Sp1","T",224.5,8.12,7.916129032,17.50322581,5.68,0.086,1.654,0.201,0.025,4.969,2.11,0.01,3.62,4.355440504,23.71412435,29.5,28.42080001,0,"P8-2018-05-02",5,"2018","P8",105,"Middle",2018-05-02,182,"3_SP18","Spr","SP_18","Sp1","T",0,0,0,0,0,0,0,0,0,0,0,0,0,0,113,0,0,0,0,0,0,0,0,0,0,0,0,0,0,0,0,0,0,0,0,0,31,0,1,0,0,0,0,0,0,0,0,0,0,"P8-2018-05-02"
"10","107",5,"2018","P2",45,"Right",2018-05-02,182,"3_SP18","Spr","SP_18","Sp1","T",277.3,7.93,7.103225806,18.35483871,8.45,0.13,0.834,0.276,0.025,3.891,1.88,0.01,3.6,4.182611139,27.50071915,28.5,11.67403465,0.78,"P2-2018-05-02",5,"2018","P2",45,"Right",2018-05-02,182,"3_SP18","Spr","SP_18","Sp1","T",0,0,0,0,0,0,0,0,0,0,0,0,0,0,161,0,0,0,0,0,0,0,0,0,0,0,0,0,0,0,0,0,0,0,0,0,39,0,0,0,0,0,0,0,0,0,0,0,0,"P2-2018-05-02"
"11","108",5,"2018","P4",65,"Right",2018-05-02,182,"3_SP18","Spr","SP_18","Sp1","T",246.7,8.01,7.05483871,18.13870968,5.6,0.115,0.9,0.05,0.025,4.447,1.82,0.01,4.29,4.678055318,25.56090669,27.5,18.28229616,4.545,"P4-2018-05-02",5,"2018","P4",65,"Right",2018-05-02,182,"3_SP18","Spr","SP_18","Sp1","T",1,0,0,0,0,0,0,0,0,0,0,0,0,0,119,0,0,0,0,0,0,0,0,0,0,0,0,0,0,0,0,0,0,0,0,0,70,0,0,0,0,0,0,0,0,0,0,0,0,"P4-2018-05-02"
"35","13",5,"2018","P9",115,"Left",2018-05-02,182,"3_SP18","Spr","SP_18","Sp1","C",272.1,7.88,7.829032258,17.69032258,7.62,0.108,1.74,0.276,0.025,2.188,1.78,0.54,4.47,5.40626439,29.24526581,28.5,34.89628697,2.39,"P9-2018-05-02",5,"2018","P9",115,"Left",2018-05-02,182,"3_SP18","Spr","SP_18","Sp1","C",0,0,0,0,0,0,1,1,0,0,0,0,0,0,145,0,0,0,0,0,0,0,0,0,0,0,0,0,0,0,0,0,0,0,0,0,148,0,0,0,0,0,0,0,0,0,0,0,0,"P9-2018-05-02"
"46","14",5,"2018","P11",135,"Left",2018-05-02,182,"3_SP18","Spr","SP_18","Sp1","C",283.5,8.47,7.790322581,16.94193548,8.57,0.166,0.755,0.05,0.025,2.709,2.95,0.01,4.21,6.158565375,NA,27,10.05112157,0,"P11-2018-05-02",5,"2018","P11",135,"Left",2018-05-02,182,"3_SP18","Spr","SP_18","Sp1","C",0,0,0,0,0,0,0,0,0,0,0,0,0,0,53,0,0,1,0,0,0,0,0,0,1,0,0,0,0,0,0,0,0,0,0,0,120,0,2,0,0,0,0,0,0,0,0,0,0,"P11-2018-05-02"
"57","15",5,"2018","P5",75,"Middle",2018-05-02,182,"3_SP18","Spr","SP_18","Sp1","C",253.4,8.02,6.677419355,17.96129032,8.98,0.115,1.997,0.05,0.025,4.326,2.33,0.01,3.7,4.764470001,28.8616081,28,26.69241049,7.63,"P5-2018-05-02",5,"2018","P5",75,"Middle",2018-05-02,182,"3_SP18","Spr","SP_18","Sp1","C",0,0,0,0,0,0,0,0,0,0,0,0,0,0,65,0,0,0,0,0,0,0,0,0,0,0,0,0,0,0,0,0,0,0,0,0,57,0,0,0,0,0,0,0,0,0,0,2,0,"P5-2018-05-02"
"68","16",5,"2018","P7",95,"Middle",2018-05-02,182,"3_SP18","Spr","SP_18","Sp1","C",281.4,8.25,8.148387097,17.99354839,8.62,0.123,0.781,0.05,0.025,5.783,2.1,0.01,3.8,6.080326072,27.2607664,28,33.82172944,0,"P7-2018-05-02",5,"2018","P7",95,"Middle",2018-05-02,182,"3_SP18","Spr","SP_18","Sp1","C",0,0,0,0,0,0,0,0,0,0,0,0,0,1,74,0,0,0,0,0,0,0,0,0,0,0,0,0,0,0,0,0,0,0,0,0,10,0,0,0,0,0,0,0,0,0,0,0,0,"P7-2018-05-02"
"79","17",5,"2018","P1",35,"Right",2018-05-02,182,"3_SP18","Spr","SP_18","Sp1","C",277.2,7.79,6.761290323,18.02903226,8.96,0.144,0.874,0.05,0.025,4.186,1.73,0.01,4.05,5.340061904,30.21944627,29,31.2092763,0,"P1-2018-05-02",5,"2018","P1",35,"Right",2018-05-02,182,"3_SP18","Spr","SP_18","Sp1","C",0,0,0,0,0,0,0,0,0,0,0,0,0,0,219,0,0,0,0,5,0,0,0,0,0,0,0,0,0,0,0,0,0,0,0,0,141,0,1,0,0,0,0,0,0,0,0,0,0,"P1-2018-05-02"
"90","18",5,"2018","P3",55,"Right",2018-05-02,182,"3_SP18","Spr","SP_18","Sp1","C",265.3,8.43,7.548387097,17.79354839,9.12,0.144,0.9,0.05,0.025,6.336,2.52,0.01,5.2,5.081270365,31.2570142,28,23.7585349,0,"P3-2018-05-02",5,"2018","P3",55,"Right",2018-05-02,182,"3_SP18","Spr","SP_18","Sp1","C",0,0,0,0,0,0,12,0,0,0,0,0,0,0,109,0,0,0,0,3,0,0,0,0,0,0,0,0,0,0,0,0,0,0,0,0,173,0,0,0,0,0,0,0,0,0,0,0,0,"P3-2018-05-02"
"12","109",5,"2018","P10",125,"Left",2018-05-29,209,"4_SP18","Spr","SP_18","Sp1","T",299.4,8.12,7.164516129,17.28387097,12.39,0.217,3.195,0.102,0.025,0.988,2.93,1.24,5.26,7.56085441,NA,29,10.44007591,6.53,"P10-2018-05-29",5,"2018","P10",125,"Left",2018-05-29,209,"4_SP18","Spr","SP_18","Sp1","T",0,0,0,0,0,0,0,0,0,0,0,0,0,0,35,0,0,0,0,0,0,0,0,0,0,0,0,0,0,0,0,0,0,0,0,0,0,0,0,0,0,0,0,0,0,0,0,0,0,"P10-2018-05-29"
"14","110",5,"2018","P12",145,"Left",2018-05-29,209,"4_SP18","Spr","SP_18","Sp1","T",264.2,7.95,7.774193548,16.99354839,9.31,0.144,2.519,0.176,0.025,2.831,2.28,1.2,4.31,5.376172351,19.4279504,30,12.34801188,5.715,"P12-2018-05-29",5,"2018","P12",145,"Left",2018-05-29,209,"4_SP18","Spr","SP_18","Sp1","T",0,0,0,0,2,0,0,0,0,0,0,0,0,0,85,0,0,0,0,0,0,0,0,0,0,0,0,0,0,3,0,0,0,0,0,0,0,0,0,0,0,0,0,0,0,0,0,0,0,"P12-2018-05-29"
"15","111",5,"2018","P6",85,"Middle",2018-05-29,209,"4_SP18","Spr","SP_18","Sp1","T",248.2,8.26,8.232258065,17.76451613,7.82,0.152,1.978,0.127,0.025,7.191,2.2,0.01,3.91,5.23774897,28.75756647,27.5,33.9442683,0,"P6-2018-05-29",5,"2018","P6",85,"Middle",2018-05-29,209,"4_SP18","Spr","SP_18","Sp1","T",0,0,0,0,0,0,0,0,0,0,0,0,0,0,1,0,0,0,0,0,0,0,0,0,0,0,0,0,0,0,0,0,0,0,0,0,0,0,0,1,0,0,0,0,0,2,0,0,0,"P6-2018-05-29"
"16","112",5,"2018","P8",105,"Middle",2018-05-29,209,"4_SP18","Spr","SP_18","Sp1","T",224.5,8.12,7.916129032,17.50322581,5.68,0.086,1.654,0.201,0.025,4.969,2.11,0.01,3.62,4.355440504,23.71412435,29.5,28.42080001,0,"P8-2018-05-29",5,"2018","P8",105,"Middle",2018-05-29,209,"4_SP18","Spr","SP_18","Sp1","T",0,0,0,0,0,0,0,0,0,0,0,0,0,0,1,0,0,0,0,0,0,0,0,0,0,0,0,0,0,0,0,0,0,0,3,0,0,0,0,0,0,0,0,0,0,0,0,0,0,"P8-2018-05-29"
"17","113",5,"2018","P2",45,"Right",2018-05-29,209,"4_SP18","Spr","SP_18","Sp1","T",277.3,7.93,7.103225806,18.35483871,8.45,0.13,0.834,0.276,0.025,3.891,1.88,0.01,3.6,4.182611139,27.50071915,28.5,11.67403465,0.78,"P2-2018-05-29",5,"2018","P2",45,"Right",2018-05-29,209,"4_SP18","Spr","SP_18","Sp1","T",0,0,0,0,0,0,3,0,0,0,0,0,0,0,2,0,0,0,0,0,0,0,0,0,0,0,0,0,0,0,0,0,0,0,0,0,0,0,0,0,1,0,0,0,0,0,0,0,0,"P2-2018-05-29"
"18","114",5,"2018","P4",65,"Right",2018-05-29,209,"4_SP18","Spr","SP_18","Sp1","T",246.7,8.01,7.05483871,18.13870968,5.6,0.115,0.9,0.05,0.025,4.447,1.82,0.01,4.29,4.678055318,25.56090669,27.5,18.28229616,4.545,"P4-2018-05-29",5,"2018","P4",65,"Right",2018-05-29,209,"4_SP18","Spr","SP_18","Sp1","T",0,0,0,0,0,0,2,0,0,0,0,0,0,0,3,0,0,0,0,0,0,0,0,0,0,0,0,0,0,0,0,0,0,0,1,0,0,0,0,0,0,0,0,0,0,0,0,0,0,"P4-2018-05-29"
"92","19",5,"2018","P9",115,"Left",2018-05-29,209,"4_SP18","Spr","SP_18","Sp1","C",272.1,7.88,7.829032258,17.69032258,7.62,0.108,1.74,0.276,0.025,2.188,1.78,0.54,4.47,5.40626439,29.24526581,28.5,34.89628697,2.39,"P9-2018-05-29",5,"2018","P9",115,"Left",2018-05-29,209,"4_SP18","Spr","SP_18","Sp1","C",0,0,0,0,0,0,2,0,0,5,0,0,0,0,2,0,0,0,0,0,0,0,0,0,0,0,0,0,0,0,0,0,0,0,0,0,0,0,0,0,0,0,0,0,0,1,0,0,0,"P9-2018-05-29"
"94","20",5,"2018","P11",135,"Left",2018-05-29,209,"4_SP18","Spr","SP_18","Sp1","C",283.5,8.47,7.790322581,16.94193548,8.57,0.166,0.755,0.05,0.025,2.709,2.95,0.01,4.21,6.158565375,NA,27,10.05112157,0,"P11-2018-05-29",5,"2018","P11",135,"Left",2018-05-29,209,"4_SP18","Spr","SP_18","Sp1","C",0,0,0,0,0,0,0,0,0,0,0,0,0,0,1,0,0,0,0,2,0,0,0,0,0,0,0,0,0,0,0,0,0,0,0,0,0,0,0,0,0,0,0,0,0,3,0,0,0,"P11-2018-05-29"
"95","21",5,"2018","P5",75,"Middle",2018-05-29,209,"4_SP18","Spr","SP_18","Sp1","C",253.4,8.02,6.677419355,17.96129032,8.98,0.115,1.997,0.05,0.025,4.326,2.33,0.01,3.7,4.764470001,28.8616081,28,26.69241049,7.63,"P5-2018-05-29",5,"2018","P5",75,"Middle",2018-05-29,209,"4_SP18","Spr","SP_18","Sp1","C",0,0,0,0,0,0,0,0,0,1,0,0,0,0,11,0,0,0,0,0,0,0,0,0,0,0,0,0,0,0,0,0,0,0,0,0,0,0,0,0,0,0,0,0,0,0,0,0,0,"P5-2018-05-29"
"96","22",5,"2018","P7",95,"Middle",2018-05-29,209,"4_SP18","Spr","SP_18","Sp1","C",281.4,8.25,8.148387097,17.99354839,8.62,0.123,0.781,0.05,0.025,5.783,2.1,0.01,3.8,6.080326072,27.2607664,28,33.82172944,0,"P7-2018-05-29",5,"2018","P7",95,"Middle",2018-05-29,209,"4_SP18","Spr","SP_18","Sp1","C",0,0,0,0,0,0,1,0,0,0,0,0,0,0,4,0,0,0,0,0,0,0,0,0,0,0,0,0,0,0,0,0,0,0,2,0,0,0,0,0,0,0,0,0,0,0,0,0,0,"P7-2018-05-29"
"97","23",5,"2018","P1",35,"Right",2018-05-29,209,"4_SP18","Spr","SP_18","Sp1","C",277.2,7.79,6.761290323,18.02903226,8.96,0.144,0.874,0.05,0.025,4.186,1.73,0.01,4.05,5.340061904,30.21944627,29,31.2092763,0,"P1-2018-05-29",5,"2018","P1",35,"Right",2018-05-29,209,"4_SP18","Spr","SP_18","Sp1","C",0,0,0,0,0,0,0,0,0,0,0,0,0,0,2,0,0,0,0,0,0,0,0,0,0,0,0,0,0,0,0,0,0,0,0,0,0,0,0,0,0,1,0,0,0,0,0,0,0,"P1-2018-05-29"
"98","24",5,"2018","P3",55,"Right",2018-05-29,209,"4_SP18","Spr","SP_18","Sp1","C",265.3,8.43,7.548387097,17.79354839,9.12,0.144,0.9,0.05,0.025,6.336,2.52,0.01,5.2,5.081270365,31.2570142,28,23.7585349,0,"P3-2018-05-29",5,"2018","P3",55,"Right",2018-05-29,209,"4_SP18","Spr","SP_18","Sp1","C",2,0,0,0,0,0,1,0,0,0,0,0,0,0,1,0,0,0,0,0,0,0,0,0,0,1,0,0,0,0,0,0,0,0,0,0,0,0,0,0,0,0,0,0,0,0,0,0,0,"P3-2018-05-29"
"19","115",6,"2018","P10",125,"Left",2018-06-27,238,"5_SU18","Sum","SU_18","Su1","T",229.3,7.83,8.23,20.94333333,13.2,0.15,2.3,0.05,0.011,0.5,1.5,0.22,2.88,3.8,34.4,30,38.16832224,1.29,"P10-2018-06-27",6,"2018","P10",125,"Left",2018-06-27,238,"5_SU18","Sum","SU_18","Su1","T",0,0,0,0,0,0,0,0,0,0,1,0,0,1,3,0,0,0,0,21,0,0,0,0,1,0,0,0,0,0,0,0,0,0,0,0,0,0,0,0,0,0,0,0,0,0,0,0,0,"P10-2018-06-27"
"20","116",6,"2018","P12",145,"Left",2018-06-27,238,"5_SU18","Sum","SU_18","Su1","T",217,7.5,9.13,20.59,7.1,0.15,2,0.05,0.02,0.5,0.684,0.17,1.36,1.8,17.7,30,1.449134173,0,"P12-2018-06-27",6,"2018","P12",145,"Left",2018-06-27,238,"5_SU18","Sum","SU_18","Su1","T",0,0,8,12,1,0,0,0,0,0,0,0,4,0,15,0,0,0,0,29,0,0,0,0,2,0,0,0,0,0,0,0,0,0,0,0,88,0,0,0,0,0,0,0,0,0,0,0,0,"P12-2018-06-27"
"21","117",6,"2018","P6",85,"Middle",2018-06-27,238,"5_SU18","Sum","SU_18","Su1","T",200.1,8.7,7.563333333,21.35666667,9.2,0.12,1.5,0.05,0.025,1.2,1.4,0.051,2.61,3.18,32.9,27.5,11.15760422,2.9,"P6-2018-06-27",6,"2018","P6",85,"Middle",2018-06-27,238,"5_SU18","Sum","SU_18","Su1","T",0,0,0,0,0,0,0,0,0,0,0,0,0,1,28,1,0,0,0,4,0,0,0,0,0,0,0,0,0,0,0,0,0,0,0,0,0,0,0,0,0,0,0,0,0,0,0,0,0,"P6-2018-06-27"
"22","118",6,"2018","P8",105,"Middle",2018-06-27,238,"5_SU18","Sum","SU_18","Su1","T",170.3,8.2,7.856666667,21.23666667,5.8,0.08,2.1,0.05,0.025,5.6,1.11,0.027,2.42,2.61,25.9,30,45.48215798,2.84,"P8-2018-06-27",6,"2018","P8",105,"Middle",2018-06-27,238,"5_SU18","Sum","SU_18","Su1","T",0,0,0,0,0,0,0,0,0,0,0,0,0,0,4,0,0,0,0,2,0,0,0,0,0,0,0,0,0,0,0,0,0,0,0,0,0,0,0,0,0,0,0,0,0,0,0,0,0,"P8-2018-06-27"
"23","119",6,"2018","P2",45,"Right",2018-06-27,238,"5_SU18","Sum","SU_18","Su1","T",200.5,8.32,8.276666667,21.92,5.8,0.12,1.3,0.05,0.025,1,1.51,0.025,2.9,2.71,32.2,28,0,7.31,"P2-2018-06-27",6,"2018","P2",45,"Right",2018-06-27,238,"5_SU18","Sum","SU_18","Su1","T",0,0,0,0,0,0,0,0,0,0,0,0,0,0,18,0,0,0,0,22,0,0,0,0,0,0,0,0,0,0,0,0,0,0,0,2,0,0,0,0,0,0,0,0,0,0,0,0,0,"P2-2018-06-27"
"25","120",6,"2018","P4",65,"Right",2018-06-27,238,"5_SU18","Sum","SU_18","Su1","T",200.3,8.27,8.133333333,21.83333333,3.6,0.11,1.4,0.05,0.025,1.1,0.889,0.033,2.67,2.77,32.2,28,9.241212727,4.26,"P4-2018-06-27",6,"2018","P4",65,"Right",2018-06-27,238,"5_SU18","Sum","SU_18","Su1","T",0,0,0,0,0,0,0,0,0,0,0,0,0,1,16,0,0,0,0,18,0,0,0,0,0,0,0,0,0,0,0,0,0,0,1,0,1,0,0,0,0,0,0,0,0,0,0,0,0,"P4-2018-06-27"
"99","25",6,"2018","P9",115,"Left",2018-06-27,238,"5_SU18","Sum","SU_18","Su1","C",211.2,8.12,8.013333333,21.59,6.4,0.12,1.6,0.05,0.025,1.1,1.38,0.044,3.56,3.35,38.8,28.5,29.16501285,3.47,"P9-2018-06-27",6,"2018","P9",115,"Left",2018-06-27,238,"5_SU18","Sum","SU_18","Su1","C",0,0,0,0,0,0,0,0,0,0,0,0,0,0,9,0,0,0,0,0,0,0,0,0,0,0,0,0,0,0,0,0,0,0,0,0,2,0,0,0,0,0,0,0,0,0,0,0,0,"P9-2018-06-27"
"100","26",6,"2018","P11",135,"Left",2018-06-27,238,"5_SU18","Sum","SU_18","Su1","C",205.8,8.03,8.153333333,20.88666667,5.4,0.13,1.3,0.05,0.025,1.1,1.24,0.04,2.74,3.04,34,29,3.151876004,0.1,"P11-2018-06-27",6,"2018","P11",135,"Left",2018-06-27,238,"5_SU18","Sum","SU_18","Su1","C",0,0,0,0,0,0,0,0,0,0,0,0,0,0,2,0,0,0,0,6,0,0,0,0,0,0,0,0,0,0,0,0,0,0,0,0,0,0,0,0,0,0,0,0,0,0,0,0,0,"P11-2018-06-27"
"101","27",6,"2018","P5",75,"Middle",2018-06-27,238,"5_SU18","Sum","SU_18","Su1","C",194.7,8.32,8.3,21.39333333,5.6,0.11,1.2,0.05,0.025,1.1,1.37,0.06,3.12,3.48,37.3,28,19.70834694,10.65,"P5-2018-06-27",6,"2018","P5",75,"Middle",2018-06-27,238,"5_SU18","Sum","SU_18","Su1","C",0,0,0,0,1,0,0,0,0,0,0,0,0,1,8,0,0,0,0,13,0,0,0,0,0,0,0,0,0,0,0,1,0,0,0,0,6,0,0,0,0,0,0,0,0,0,0,0,0,"P5-2018-06-27"
"102","28",6,"2018","P7",95,"Middle",2018-06-27,238,"5_SU18","Sum","SU_18","Su1","C",225,8.2,8.16,21.86,10,0.13,1.6,0.05,0.025,1,1.53,0.046,2.72,3.35,35.9,29,32.27115734,5.61,"P7-2018-06-27",6,"2018","P7",95,"Middle",2018-06-27,238,"5_SU18","Sum","SU_18","Su1","C",0,0,0,0,0,0,0,0,0,0,0,0,1,0,2,0,0,0,0,10,0,0,0,0,0,0,0,0,0,0,0,0,0,0,1,0,0,0,0,0,0,0,0,0,0,0,0,0,0,"P7-2018-06-27"
"103","29",6,"2018","P1",35,"Right",2018-06-27,238,"5_SU18","Sum","SU_18","Su1","C",201.2,8.18,7.686666667,21.99666667,6.1,0.13,1.6,0.05,0.025,1,1.26,0.052,3.09,2.66,31.8,28,8.147348212,4.35,"P1-2018-06-27",6,"2018","P1",35,"Right",2018-06-27,238,"5_SU18","Sum","SU_18","Su1","C",0,0,0,0,0,0,0,0,0,0,0,0,1,1,18,0,0,0,0,22,0,0,1,0,0,0,1,0,0,0,1,1,0,0,0,1,2,0,0,0,0,0,0,0,0,0,0,0,0,"P1-2018-06-27"
"105","30",6,"2018","P3",55,"Right",2018-06-27,238,"5_SU18","Sum","SU_18","Su1","C",217.3,8.22,7.576666667,21.71666667,5.8,0.13,1.3,0.05,0.025,1.1,1.55,1.6,3.13,2.94,34.8,28,14.33857722,1.6,"P3-2018-06-27",6,"2018","P3",55,"Right",2018-06-27,238,"5_SU18","Sum","SU_18","Su1","C",0,0,0,0,0,0,0,0,0,0,0,0,0,0,5,0,0,0,0,6,0,0,0,0,0,0,0,0,0,0,0,0,0,0,0,2,0,0,0,0,0,0,0,0,0,0,0,0,0,"P3-2018-06-27"
"26","121",8,"2018","P10",125,"Left",2018-08-01,273,"6_SU18","Sum","SU_18","Su1","T",155.7,8.4,8.866666667,23.94444444,6.2,0.1015,1.2,0.05,0.025,1,1.36,0.144345,1.829,2.61175,13.5,30,0,17.89550753,"P10-2018-08-01",8,"2018","P10",125,"Left",2018-08-01,273,"6_SU18","Sum","SU_18","Su1","T",0,0,0,0,0,0,0,0,1,0,0,0,0,4,24,0,0,0,0,27,0,0,0,0,0,0,0,0,0,0,0,0,4,0,0,1,1,0,0,0,0,0,0,1,1,0,0,0,0,"P10-2018-08-01"
"27","122",8,"2018","P12",145,"Left",2018-08-01,273,"6_SU18","Sum","SU_18","Su1","T",141.6,8.5,9.906451613,20.26451613,6.1,0.09275,1.6,0.05,0.025,1.4,2.33,0.07748,NA,2.9685,28.9,29,0,51.79794419,"P12-2018-08-01",8,"2018","P12",145,"Left",2018-08-01,273,"6_SU18","Sum","SU_18","Su1","T",0,0,2,241,0,0,0,0,0,0,0,0,0,7,28,0,1,0,0,18,0,0,0,0,0,1,0,0,1,0,0,0,1,0,2,1,23,0,0,0,0,0,0,1,0,0,0,0,0,"P12-2018-08-01"
"28","123",8,"2018","P6",85,"Middle",2018-08-01,273,"6_SU18","Sum","SU_18","Su1","T",178.3,8.25,9.274193548,21.88709677,5.1,0.06,2.8,0.276,0.025,6.1,2.58,0.178925,3.4775,4.31475,43.3,29,0,19.97697875,"P6-2018-08-01",8,"2018","P6",85,"Middle",2018-08-01,273,"6_SU18","Sum","SU_18","Su1","T",0,0,0,1,0,0,0,0,0,0,0,0,0,0,8,0,2,0,0,8,0,0,0,0,0,0,0,0,0,0,0,1,2,0,0,0,1,0,0,0,0,0,0,0,0,0,0,0,0,"P6-2018-08-01"
"29","124",8,"2018","P8",105,"Middle",2018-08-01,273,"6_SU18","Sum","SU_18","Su1","T",134.6,8.84,10.9,21.21612903,4,0.04,2.8,0.05,0.025,10.5,1.87,0.08909,1.21,1.56,28.8,30,0,60.30223416,"P8-2018-08-01",8,"2018","P8",105,"Middle",2018-08-01,273,"6_SU18","Sum","SU_18","Su1","T",0,0,0,0,0,0,0,0,0,0,0,0,0,0,17,0,1,0,0,10,0,0,0,0,1,0,0,0,0,0,0,0,0,0,0,0,4,0,0,0,0,0,0,0,0,0,0,0,0,"P8-2018-08-01"
"30","125",8,"2018","P2",45,"Right",2018-08-01,273,"6_SU18","Sum","SU_18","Su1","T",147.5,8.37,8.551612903,21.83870968,4.2,0.045,2.2,0.2595,0.025,7.4,1.62,0.077425,1.6695,2.60425,20.6,29.5,0,41.28004421,"P2-2018-08-01",8,"2018","P2",45,"Right",2018-08-01,273,"6_SU18","Sum","SU_18","Su1","T",0,0,0,0,0,0,0,0,0,0,0,0,0,1,6,0,0,0,0,8,0,0,0,0,0,0,0,0,0,0,0,0,2,0,0,0,2,0,0,0,0,0,0,0,0,0,0,0,0,"P2-2018-08-01"
"31","126",8,"2018","P4",65,"Right",2018-08-01,273,"6_SU18","Sum","SU_18","Su1","T",115.6,9.22,10.97741935,21.30645161,4.6,0.025,NA,NA,NA,NA,1.66,NA,1.71,1.435,23.9,29,0,64.55787651,"P4-2018-08-01",8,"2018","P4",65,"Right",2018-08-01,273,"6_SU18","Sum","SU_18","Su1","T",0,0,0,0,0,0,0,0,0,0,0,0,0,0,8,0,1,0,0,1,0,0,0,0,0,0,0,0,0,0,0,0,2,0,0,0,0,0,0,0,0,0,0,0,0,0,0,0,0,"P4-2018-08-01"
"106","31",8,"2018","P9",115,"Left",2018-08-01,273,"6_SU18","Sum","SU_18","Su1","C",160,8.4,9.944444444,23.97,4,0.05,2.5,0.4375,0.025,6.7,2.32,0.0825325,2.3865,3.3595,39.1,29.5,0,37.59470314,"P9-2018-08-01",8,"2018","P9",115,"Left",2018-08-01,273,"6_SU18","Sum","SU_18","Su1","C",0,0,0,0,1,0,0,0,1,0,0,0,0,0,25,0,0,0,0,10,0,0,0,0,0,0,0,0,0,0,0,0,2,0,0,0,1,0,0,0,0,0,0,0,0,0,0,0,0,"P9-2018-08-01"
"107","32",8,"2018","P11",135,"Left",2018-08-01,273,"6_SU18","Sum","SU_18","Su1","C",122.5,9,9.45,23.6,4.4,0.14225,4.2,0.57,0.025,10.5,2.09,0.077435,NA,1.71,28.1,30,0,42.9801414,"P11-2018-08-01",8,"2018","P11",135,"Left",2018-08-01,273,"6_SU18","Sum","SU_18","Su1","C",0,0,0,0,0,0,0,0,0,0,0,0,0,0,9,0,0,0,0,0,0,0,0,0,1,0,0,0,0,0,0,0,0,0,0,0,0,0,0,0,0,0,0,0,0,0,0,0,0,"P11-2018-08-01"
"108","33",8,"2018","P5",75,"Middle",2018-08-01,273,"6_SU18","Sum","SU_18","Su1","C",114.1,8.71,9.477419355,21.48709677,4.2,0.11475,2,0.05,0.025,6.7,2.04,0.1580825,1.7,2.045,35.8,30,0,50.35607073,"P5-2018-08-01",8,"2018","P5",75,"Middle",2018-08-01,273,"6_SU18","Sum","SU_18","Su1","C",0,0,0,0,0,0,0,0,1,0,0,0,0,3,10,0,0,0,0,9,0,1,0,0,0,0,0,0,0,0,0,0,6,0,0,2,1,0,0,0,0,0,0,0,0,0,0,0,0,"P5-2018-08-01"
"109","34",8,"2018","P7",95,"Middle",2018-08-01,273,"6_SU18","Sum","SU_18","Su1","C",177.6,8.46,9.632258065,21.55806452,5.2,0.06,3.2,0.05,0.025,7.7,1.81,0.1224025,2.09225,3.10475,23.8,30,0,30.29727713,"P7-2018-08-01",8,"2018","P7",95,"Middle",2018-08-01,273,"6_SU18","Sum","SU_18","Su1","C",0,0,0,1,0,0,0,0,0,0,0,0,0,0,6,0,0,0,0,7,0,0,0,0,0,0,0,0,0,0,0,0,6,0,0,0,0,0,0,0,0,0,0,0,0,0,0,0,0,"P7-2018-08-01"
"110","35",8,"2018","P1",35,"Right",2018-08-01,273,"6_SU18","Sum","SU_18","Su1","C",159.6,8.52,12.02258065,21.22580645,4.7,0.055,3,0.51,0.025,7.6,1.42,0.0717525,0.985,2.28125,18,28,0,45.96393853,"P1-2018-08-01",8,"2018","P1",35,"Right",2018-08-01,273,"6_SU18","Sum","SU_18","Su1","C",0,0,0,2,0,0,0,0,0,0,0,0,0,0,58,0,0,0,0,4,0,0,0,0,0,0,0,0,0,0,0,5,12,0,0,3,1,0,0,0,0,0,0,0,1,0,0,0,0,"P1-2018-08-01"
"111","36",8,"2018","P3",55,"Right",2018-08-01,273,"6_SU18","Sum","SU_18","Su1","C",167.2,8.53,8.338709677,22.09032258,5.4,0.06,4.2,0.4255,0.025,8.2,2.49,0.2261,3.5765,3.7085,30.8,30,0,9.53124636,"P3-2018-08-01",8,"2018","P3",55,"Right",2018-08-01,273,"6_SU18","Sum","SU_18","Su1","C",0,0,0,0,0,0,0,0,0,0,0,0,0,2,7,0,0,0,0,3,0,0,0,0,0,0,0,0,0,0,0,2,2,0,0,0,3,0,0,0,0,0,0,0,0,0,0,0,0,"P3-2018-08-01"
"32","127",8,"2018","P10",125,"Left",2018-08-22,294,"7_SU18","Sum","SU_18","Su1","T",155.7,8.4,8.866666667,23.94444444,6.2,0.1015,1.2,0.05,0.025,1,1.36,0.144345,1.829,2.61175,13.5,30,0,17.89550753,"P10-2018-08-22",8,"2018","P10",125,"Left",2018-08-22,294,"7_SU18","Sum","SU_18","Su1","T",0,0,1,0,0,0,0,0,0,0,0,0,0,7,59,0,1,2,0,18,0,0,0,0,0,0,0,0,0,0,0,1,2,0,0,0,12,0,0,0,0,0,0,3,0,0,0,0,0,"P10-2018-08-22"
"33","128",8,"2018","P12",145,"Left",2018-08-22,294,"7_SU18","Sum","SU_18","Su1","T",141.6,8.5,9.906451613,20.26451613,6.1,0.09275,1.6,0.05,0.025,1.4,2.33,0.07748,NA,2.9685,28.9,29,0,51.79794419,"P12-2018-08-22",8,"2018","P12",145,"Left",2018-08-22,294,"7_SU18","Sum","SU_18","Su1","T",0,0,3,99,0,0,0,0,0,0,0,0,0,16,26,0,1,0,0,3,0,0,0,0,0,0,0,0,0,0,0,2,2,0,2,1,2,0,0,0,0,0,0,1,0,0,0,0,0,"P12-2018-08-22"
"34","129",8,"2018","P6",85,"Middle",2018-08-22,294,"7_SU18","Sum","SU_18","Su1","T",178.3,8.25,9.274193548,21.88709677,5.1,0.06,2.8,0.276,0.025,6.1,2.58,0.178925,3.4775,4.31475,43.3,29,0,19.97697875,"P6-2018-08-22",8,"2018","P6",85,"Middle",2018-08-22,294,"7_SU18","Sum","SU_18","Su1","T",0,0,0,0,0,0,0,0,0,0,0,0,0,5,45,0,1,1,0,23,0,0,0,0,0,0,0,0,0,0,0,3,7,0,0,1,5,0,0,0,0,0,0,0,0,0,0,0,2,"P6-2018-08-22"
"36","130",8,"2018","P8",105,"Middle",2018-08-22,294,"7_SU18","Sum","SU_18","Su1","T",134.6,8.84,10.9,21.21612903,4,0.04,2.8,0.05,0.025,10.5,1.87,0.08909,1.21,1.56,28.8,30,0,60.30223416,"P8-2018-08-22",8,"2018","P8",105,"Middle",2018-08-22,294,"7_SU18","Sum","SU_18","Su1","T",0,1,0,0,0,0,0,0,0,0,0,0,1,0,53,0,0,2,0,4,0,0,0,0,0,0,0,0,0,0,0,2,0,0,0,1,0,0,0,0,0,0,0,0,0,0,0,0,0,"P8-2018-08-22"
"37","131",8,"2018","P2",45,"Right",2018-08-22,294,"7_SU18","Sum","SU_18","Su1","T",147.5,8.37,8.551612903,21.83870968,4.2,0.045,2.2,0.2595,0.025,7.4,1.62,0.077425,1.6695,2.60425,20.6,29.5,0,41.28004421,"P2-2018-08-22",8,"2018","P2",45,"Right",2018-08-22,294,"7_SU18","Sum","SU_18","Su1","T",0,0,0,1,0,0,0,0,0,0,0,0,0,0,6,0,1,0,0,2,0,0,0,0,0,0,0,0,2,0,0,0,3,0,0,0,0,0,0,0,0,0,0,0,0,0,0,0,0,"P2-2018-08-22"
"38","132",8,"2018","P4",65,"Right",2018-08-22,294,"7_SU18","Sum","SU_18","Su1","T",115.6,9.22,10.97741935,21.30645161,4.6,0.025,NA,NA,NA,NA,1.66,NA,1.71,1.435,23.9,29,0,64.55787651,"P4-2018-08-22",8,"2018","P4",65,"Right",2018-08-22,294,"7_SU18","Sum","SU_18","Su1","T",0,0,0,0,0,0,0,0,0,0,0,0,0,2,13,0,0,6,0,16,0,0,0,0,0,0,0,0,0,0,0,0,6,0,0,0,1,0,0,0,0,0,0,0,0,0,0,0,1,"P4-2018-08-22"
"112","37",8,"2018","P9",115,"Left",2018-08-22,294,"7_SU18","Sum","SU_18","Su1","C",160,8.4,9.944444444,23.97,4,0.05,2.5,0.4375,0.025,6.7,2.32,0.0825325,2.3865,3.3595,39.1,29.5,0,37.59470314,"P9-2018-08-22",8,"2018","P9",115,"Left",2018-08-22,294,"7_SU18","Sum","SU_18","Su1","C",0,0,0,0,0,0,0,0,0,0,0,0,0,3,61,0,0,2,0,5,0,0,0,0,0,0,0,0,0,0,0,5,1,0,0,0,7,0,0,0,0,0,0,0,0,0,0,0,0,"P9-2018-08-22"
"113","38",8,"2018","P11",135,"Left",2018-08-22,294,"7_SU18","Sum","SU_18","Su1","C",122.5,9,9.45,23.6,4.4,0.14225,4.2,0.57,0.025,10.5,2.09,0.077435,NA,1.71,28.1,30,0,42.9801414,"P11-2018-08-22",8,"2018","P11",135,"Left",2018-08-22,294,"7_SU18","Sum","SU_18","Su1","C",0,4,0,2,0,0,0,0,0,0,0,0,0,1,89,1,0,8,0,7,0,0,0,0,0,0,0,0,0,0,0,0,0,0,0,2,6,0,0,0,0,0,0,0,0,1,0,0,0,"P11-2018-08-22"
"114","39",8,"2018","P5",75,"Middle",2018-08-22,294,"7_SU18","Sum","SU_18","Su1","C",114.1,8.71,9.477419355,21.48709677,4.2,0.11475,2,0.05,0.025,6.7,2.04,0.1580825,1.7,2.045,35.8,30,0,50.35607073,"P5-2018-08-22",8,"2018","P5",75,"Middle",2018-08-22,294,"7_SU18","Sum","SU_18","Su1","C",0,0,0,0,0,0,0,0,0,0,0,0,0,0,5,0,0,0,0,0,0,0,0,0,0,0,0,0,0,0,0,0,3,0,1,0,0,0,0,0,0,0,0,0,0,0,0,0,0,"P5-2018-08-22"
"116","40",8,"2018","P7",95,"Middle",2018-08-22,294,"7_SU18","Sum","SU_18","Su1","C",177.6,8.46,9.632258065,21.55806452,5.2,0.06,3.2,0.05,0.025,7.7,1.81,0.1224025,2.09225,3.10475,23.8,30,0,30.29727713,"P7-2018-08-22",8,"2018","P7",95,"Middle",2018-08-22,294,"7_SU18","Sum","SU_18","Su1","C",0,0,0,0,0,0,0,0,0,0,0,0,0,0,31,3,1,1,0,22,0,0,0,0,0,0,0,0,0,0,0,1,10,0,0,3,0,0,0,0,0,0,0,0,0,0,0,0,0,"P7-2018-08-22"
"117","41",8,"2018","P1",35,"Right",2018-08-22,294,"7_SU18","Sum","SU_18","Su1","C",159.6,8.52,12.02258065,21.22580645,4.7,0.055,3,0.51,0.025,7.6,1.42,0.0717525,0.985,2.28125,18,28,0,45.96393853,"P1-2018-08-22",8,"2018","P1",35,"Right",2018-08-22,294,"7_SU18","Sum","SU_18","Su1","C",0,0,2,0,0,0,1,0,0,0,0,0,0,5,62,1,1,0,0,7,0,0,1,0,0,0,0,0,0,0,0,5,24,0,0,6,0,0,0,0,0,0,0,0,0,0,0,0,0,"P1-2018-08-22"
"118","42",8,"2018","P3",55,"Right",2018-08-22,294,"7_SU18","Sum","SU_18","Su1","C",167.2,8.53,8.338709677,22.09032258,5.4,0.06,4.2,0.4255,0.025,8.2,2.49,0.2261,3.5765,3.7085,30.8,30,0,9.53124636,"P3-2018-08-22",8,"2018","P3",55,"Right",2018-08-22,294,"7_SU18","Sum","SU_18","Su1","C",0,0,0,0,0,0,0,0,0,0,0,0,0,0,82,0,1,4,0,9,0,0,0,0,0,0,0,0,0,0,0,1,12,0,0,6,4,0,0,0,0,0,0,0,0,0,0,0,0,"P3-2018-08-22"
"45","139",9,"2018","P10",125,"Left",2018-09-24,327,"8_A18","Aut","A_18","Au1","T",100,9.38,NA,16.32761905,NA,0.113,NA,0.05,0.025,NA,NA,0.25669,2.308,3.3535,NA,30,0,28.80101182,"P10-2018-09-24",9,"2018","P10",125,"Left",2018-09-24,327,"8_A18","Aut","A_18","Au1","T",0,0,0,0,0,0,2,0,1,0,0,0,0,35,30,0,0,0,0,8,0,0,0,0,0,0,0,0,0,0,0,0,6,0,0,0,0,0,0,0,0,0,0,2,0,0,0,0,0,"P10-2018-09-24"
"47","140",9,"2018","P12",145,"Left",2018-09-24,327,"8_A18","Aut","A_18","Au1","T",103.6,10.34,9.621428571,16.97857143,NA,0.1055,NA,0.05,0.025,NA,NA,0.10696,NA,2.267,NA,29,0,63.26402707,"P12-2018-09-24",9,"2018","P12",145,"Left",2018-09-24,327,"8_A18","Aut","A_18","Au1","T",0,0,1,157,0,0,0,0,0,0,0,0,0,16,2,0,0,0,0,1,0,0,0,0,0,0,0,0,0,0,0,0,8,0,0,1,0,0,0,0,0,0,0,1,0,0,0,1,0,"P12-2018-09-24"
"48","141",9,"2018","P6",85,"Middle",2018-09-24,327,"8_A18","Aut","A_18","Au1","T",119.4,8.97,10.04,16.85333333,NA,0.025,NA,0.05,0.025,NA,NA,0.35785,2.465,3.3995,NA,29,0,28.40399469,"P6-2018-09-24",9,"2018","P6",85,"Middle",2018-09-24,327,"8_A18","Aut","A_18","Au1","T",0,0,0,0,0,0,2,0,0,0,0,0,0,10,40,0,0,0,0,7,0,0,0,0,0,0,0,0,0,0,0,3,6,0,0,0,1,0,0,0,0,0,0,0,0,0,0,0,0,"P6-2018-09-24"
"49","142",9,"2018","P8",105,"Middle",2018-09-24,327,"8_A18","Aut","A_18","Au1","T",98.5,10.18,13.15666667,16.18333333,NA,0.025,NA,0.05,0.025,NA,NA,0.17818,0.05,0.05,NA,30,0,69.4787403,"P8-2018-09-24",9,"2018","P8",105,"Middle",2018-09-24,327,"8_A18","Aut","A_18","Au1","T",0,0,0,0,0,0,0,0,0,0,0,0,0,0,9,0,0,0,0,1,0,0,0,0,1,0,0,0,0,0,0,1,3,0,0,0,0,0,0,0,0,0,0,0,0,0,0,0,0,"P8-2018-09-24"
"50","143",9,"2018","P2",45,"Right",2018-09-24,327,"8_A18","Aut","A_18","Au1","T",111.8,9.72,12.49333333,16.28666667,NA,0.025,NA,0.05,0.025,NA,NA,0.15485,1.249,2.7585,NA,31,0,62.03080542,"P2-2018-09-24",9,"2018","P2",45,"Right",2018-09-24,327,"8_A18","Aut","A_18","Au1","T",0,0,0,0,0,0,0,0,0,0,0,0,0,14,0,0,0,0,0,1,0,0,0,0,0,0,0,0,0,0,0,0,4,0,2,0,0,0,0,0,0,0,0,0,0,0,0,0,0,"P2-2018-09-24"
"51","144",9,"2018","P4",65,"Right",2018-09-24,327,"8_A18","Aut","A_18","Au1","T",88.1,10,12.63666667,15.76,NA,0.025,NA,0.05,0.025,NA,NA,0.170225,0.05,0.05,NA,30,0,77.34875838,"P4-2018-09-24",9,"2018","P4",65,"Right",2018-09-24,327,"8_A18","Aut","A_18","Au1","T",0,0,0,1,0,0,0,0,0,0,0,0,0,0,3,0,0,0,0,0,0,0,0,0,0,0,0,0,0,0,0,1,6,0,0,0,0,0,0,0,0,0,0,0,0,0,0,0,0,"P4-2018-09-24"
"125","49",9,"2018","P9",115,"Left",2018-09-24,327,"8_A18","Aut","A_18","Au1","C",135.8,8.92,NA,16.32761905,NA,0.025,NA,0.05,0.025,NA,NA,0.165065,2.033,3.199,NA,29,0,47.03931582,"P9-2018-09-24",9,"2018","P9",115,"Left",2018-09-24,327,"8_A18","Aut","A_18","Au1","C",0,0,0,1,0,0,0,0,1,0,0,0,2,1,6,0,0,0,0,10,0,0,0,0,0,0,0,0,0,0,1,2,6,0,0,0,0,0,0,0,0,0,0,0,0,0,0,0,0,"P9-2018-09-24"
"127","50",9,"2018","P11",135,"Left",2018-09-24,327,"8_A18","Aut","A_18","Au1","C",101.6,10.12,NA,16.32761905,NA,0.1445,NA,0.05,0.025,NA,NA,0.15487,NA,0.05,NA,29,0,68.57365367,"P11-2018-09-24",9,"2018","P11",135,"Left",2018-09-24,327,"8_A18","Aut","A_18","Au1","C",0,1,0,0,0,0,0,0,0,0,0,0,0,0,2,0,0,0,0,0,0,0,0,0,0,0,0,0,0,0,0,0,5,0,0,0,0,0,0,0,0,0,0,0,0,0,0,0,0,"P11-2018-09-24"
"128","51",9,"2018","P5",75,"Middle",2018-09-24,327,"8_A18","Aut","A_18","Au1","C",87.5,9.93,10.34333333,16.14666667,NA,0.1195,NA,0.05,0.025,NA,NA,0.291165,0.05,0.05,NA,30,0,65.21636118,"P5-2018-09-24",9,"2018","P5",75,"Middle",2018-09-24,327,"8_A18","Aut","A_18","Au1","C",0,0,0,0,0,0,0,0,0,0,0,0,0,2,3,0,0,0,0,0,0,0,0,0,0,0,0,0,0,0,0,2,0,0,0,0,0,0,0,0,0,0,0,0,0,0,0,0,0,"P5-2018-09-24"
"129","52",9,"2018","P7",95,"Middle",2018-09-24,327,"8_A18","Aut","A_18","Au1","C",132.8,9.23,11.44,16.28666667,NA,0.025,NA,0.05,0.025,NA,NA,0.244805,1.9345,3.3795,NA,30,0,36.35920225,"P7-2018-09-24",9,"2018","P7",95,"Middle",2018-09-24,327,"8_A18","Aut","A_18","Au1","C",0,0,0,0,0,0,1,0,0,0,0,1,0,0,4,1,0,0,0,9,0,0,0,0,0,0,0,0,0,0,0,2,4,0,1,0,0,0,0,0,0,0,0,0,0,0,0,0,0,"P7-2018-09-24"
"130","53",9,"2018","P1",35,"Right",2018-09-24,327,"8_A18","Aut","A_18","Au1","C",99,9.71,13.91333333,15.47666667,NA,0.025,NA,0.05,0.025,NA,NA,0.143505,0.05,2.4925,NA,29,0,53.42687102,"P1-2018-09-24",9,"2018","P1",35,"Right",2018-09-24,327,"8_A18","Aut","A_18","Au1","C",0,0,0,0,0,0,1,0,0,0,0,0,1,0,3,0,0,0,0,2,0,0,0,1,0,0,0,0,0,0,2,1,9,0,0,0,0,0,0,0,0,0,0,1,0,0,0,0,0,"P1-2018-09-24"
"131","54",9,"2018","P3",55,"Right",2018-09-24,327,"8_A18","Aut","A_18","Au1","C",157.6,9.12,9.203333333,16.97666667,NA,0.025,NA,0.05,0.025435,NA,NA,0.4522,3.443,3.737,NA,30,0,14.57116136,"P3-2018-09-24",9,"2018","P3",55,"Right",2018-09-24,327,"8_A18","Aut","A_18","Au1","C",1,1,0,0,0,0,3,0,0,0,0,0,0,21,33,0,2,1,0,56,0,0,0,0,0,0,0,0,0,0,2,4,18,0,4,0,0,0,0,0,0,0,0,1,0,0,0,0,0,"P3-2018-09-24"
"52","145",10,"2018","P10",125,"Left",2018-10-18,351,"9_A18","Aut","A_18","Au1","T",122.7,8.86,NA,10.90282258,4.1,0.1065,0.5,0.05,0.0426575,8.3,1.95,0.233345,1.63,3.43675,14.2,31,0,36.4330705,"P10-2018-10-18",10,"2018","P10",125,"Left",2018-10-18,351,"9_A18","Aut","A_18","Au1","T",0,0,0,0,0,0,0,0,0,0,0,0,0,4,2,0,0,0,0,0,0,0,1,0,0,0,0,0,0,0,0,0,1,0,0,0,0,0,0,0,0,0,0,1,0,0,0,0,0,"P10-2018-10-18"
"53","146",10,"2018","P12",145,"Left",2018-10-18,351,"9_A18","Aut","A_18","Au1","T",95.7,9.85,NA,10.90282258,3.5,0.10275,2.1,0.05,0.026325,6.6,1.22,0.17348,0.05,2.4635,16.9,30,0,65.67807851,"P12-2018-10-18",10,"2018","P12",145,"Left",2018-10-18,351,"9_A18","Aut","A_18","Au1","T",0,0,0,63,0,0,0,0,0,0,0,0,0,1,0,0,0,0,0,0,0,0,0,0,0,0,0,0,0,0,0,0,5,0,0,0,2,0,0,0,0,0,0,0,0,0,0,0,0,"P12-2018-10-18"
"54","147",10,"2018","P6",85,"Middle",2018-10-18,351,"9_A18","Aut","A_18","Au1","T",112.5,8.84,11.60967742,11.35806452,3.2,0.035,0.5,0.05,0.055085,11,1.98,0.303925,2.1475,3.43975,15,29,0,26.36502812,"P6-2018-10-18",10,"2018","P6",85,"Middle",2018-10-18,351,"9_A18","Aut","A_18","Au1","T",0,0,0,0,0,0,1,0,0,0,0,0,0,0,6,0,1,0,0,1,0,0,0,0,0,0,0,0,0,0,0,1,4,0,1,0,0,0,0,0,0,0,0,0,0,0,0,0,0,"P6-2018-10-18"
"55","148",10,"2018","P8",105,"Middle",2018-10-18,351,"9_A18","Aut","A_18","Au1","T",82.7,10.03,14.44193548,11.21612903,2.3,0.025,3.3,0.05,0.025,8.7,1.81,0.16409,0.2635,0.815,14,30,0,71.64573999,"P8-2018-10-18",10,"2018","P8",105,"Middle",2018-10-18,351,"9_A18","Aut","A_18","Au1","T",0,0,0,0,0,0,0,0,0,0,0,0,0,0,1,0,1,1,0,0,0,0,0,0,0,0,0,0,0,0,0,4,1,0,0,0,0,0,0,0,0,0,0,0,0,0,0,0,0,"P8-2018-10-18"
"56","149",10,"2018","P2",45,"Right",2018-10-18,351,"9_A18","Aut","A_18","Au1","T",107.3,9.26,14.70967742,10.66774194,3.1,0.05,2.2,0.05,0.0254325,7.4,2.77,0.167425,1.037,2.26425,16.3,30,0,70.69557235,"P2-2018-10-18",10,"2018","P2",45,"Right",2018-10-18,351,"9_A18","Aut","A_18","Au1","T",0,0,0,1,0,0,0,0,0,0,0,0,0,0,1,0,0,0,0,0,0,0,0,0,0,0,0,0,0,0,0,0,4,0,0,0,0,0,0,0,0,0,0,0,0,0,0,0,0,"P2-2018-10-18"
"58","150",10,"2018","P4",65,"Right",2018-10-18,351,"9_A18","Aut","A_18","Au1","T",169.4,8.5,13.69032258,10.5483871,3.1,0.035,2.3,0.05,0.04143,6.9,1.84,0.1551125,0.111,0.945,19.2,30,0,72.88518838,"P4-2018-10-18",10,"2018","P4",65,"Right",2018-10-18,351,"9_A18","Aut","A_18","Au1","T",0,0,0,0,0,0,0,0,0,0,0,0,0,1,0,0,0,0,0,0,0,0,0,0,0,0,0,0,0,0,0,3,3,0,2,0,0,0,0,0,0,0,0,0,0,0,0,0,0,"P4-2018-10-18"
"132","55",10,"2018","P9",115,"Left",2018-10-18,351,"9_A18","Aut","A_18","Au1","C",121.6,8.81,NA,10.90282258,3.1,0.045,2.3,0.05,0.025,8.5,1.97,0.1675325,1.6165,3.0545,17.1,30,0,38.45065692,"P9-2018-10-18",10,"2018","P9",115,"Left",2018-10-18,351,"9_A18","Aut","A_18","Au1","C",0,0,0,0,0,0,0,0,1,0,0,0,0,0,0,0,0,0,0,0,0,0,0,0,0,0,0,0,0,0,0,0,0,0,0,0,0,0,0,0,0,0,0,0,0,0,0,0,0,"P9-2018-10-18"
"133","56",10,"2018","P11",135,"Left",2018-10-18,351,"9_A18","Aut","A_18","Au1","C",86.6,9.38,NA,10.90282258,3.1,0.14725,2.2,0.05,0.0270775,13.5,1.63,0.192435,0.05,0.835,19.7,29,0,73.03614397,"P11-2018-10-18",10,"2018","P11",135,"Left",2018-10-18,351,"9_A18","Aut","A_18","Au1","C",0,0,0,0,0,0,0,0,0,0,0,0,0,0,1,0,0,0,0,0,0,0,0,0,0,0,0,0,0,0,0,0,3,0,0,0,0,0,1,0,0,0,0,0,0,0,0,0,0,"P11-2018-10-18"
"134","57",10,"2018","P5",75,"Middle",2018-10-18,351,"9_A18","Aut","A_18","Au1","C",92.3,9.53,11.82258065,10.98064516,3.1,0.10975,2.5,0.05,0.025,5,1.89,0.2755825,0.125,1.085,19.3,31,0,55.88119067,"P5-2018-10-18",10,"2018","P5",75,"Middle",2018-10-18,351,"9_A18","Aut","A_18","Au1","C",0,0,0,0,0,0,0,0,0,0,0,0,0,0,0,0,0,0,0,0,0,0,0,0,0,0,0,0,0,0,0,1,2,0,2,0,0,0,0,0,0,0,0,0,0,0,0,0,0,"P5-2018-10-18"
"135","58",10,"2018","P7",95,"Middle",2018-10-18,351,"9_A18","Aut","A_18","Au1","C",123,9.09,13.40322581,11,2.7,0.04,2.8,0.05,0.025,10.1,2.12,0.2424025,1.69225,3.28975,18.8,30,0,40.47170969,"P7-2018-10-18",10,"2018","P7",95,"Middle",2018-10-18,351,"9_A18","Aut","A_18","Au1","C",0,0,0,0,0,0,0,0,0,0,0,0,0,0,3,0,0,0,0,1,0,0,0,0,0,0,0,0,0,0,0,0,5,0,0,0,0,0,0,0,0,0,0,1,1,0,0,0,0,"P7-2018-10-18"
"136","59",10,"2018","P1",35,"Right",2018-10-18,351,"9_A18","Aut","A_18","Au1","C",107.2,9.46,14.34516129,10.02903226,2.8,0.065,2.2,0.05,0.040635,6.8,1.79,0.0717525,0.2675,2.62625,17.9,31,0,58.58315091,"P1-2018-10-18",10,"2018","P1",35,"Right",2018-10-18,351,"9_A18","Aut","A_18","Au1","C",0,0,0,0,0,0,0,0,0,0,0,0,0,0,1,0,0,1,0,0,0,0,0,0,0,0,0,0,0,0,0,4,6,0,1,0,0,0,0,0,0,0,0,0,0,0,0,0,0,"P1-2018-10-18"
"138","60",10,"2018","P3",55,"Right",2018-10-18,351,"9_A18","Aut","A_18","Au1","C",169,8.39,9.951612903,11.42258065,3.5,0.025,2.6,0.05,0.0477175,8.8,2.22,0.3111,3.0865,3.8085,26,31,0,15.24152716,"P3-2018-10-18",10,"2018","P3",55,"Right",2018-10-18,351,"9_A18","Aut","A_18","Au1","C",0,0,0,0,0,0,0,0,0,0,0,0,0,5,10,0,1,0,0,0,0,0,0,0,0,0,0,0,0,0,0,3,8,0,1,0,0,0,0,0,0,0,0,0,0,0,0,0,0,"P3-2018-10-18"
"39","133",11,"2018","P10",125,"Left",2018-11-16,380,"10_A18","Aut","A_18","Au1","T",96.5,9.65,NA,6.6675,4.1,0.1,0.5,0.05,0.08,8.3,1.95,0.21,0.952,3.52,14.2,30,0,33.63178138,"P10-2018-11-16",11,"2018","P10",125,"Left",2018-11-16,380,"10_A18","Aut","A_18","Au1","T",0,0,0,0,0,0,1,0,0,0,0,0,1,43,3,0,0,0,0,6,0,0,0,0,0,0,0,0,0,0,0,0,11,0,0,0,0,0,0,0,0,0,0,0,1,0,0,0,0,"P10-2018-11-16"
"40","134",11,"2018","P12",145,"Left",2018-11-16,380,"10_A18","Aut","A_18","Au1","T",98.2,9.91,NA,6.6675,3.5,0.1,2.1,0.05,0.05,6.6,1.22,0.24,0.05,2.66,16.9,28,0,59.62871165,"P12-2018-11-16",11,"2018","P12",145,"Left",2018-11-16,380,"10_A18","Aut","A_18","Au1","T",0,0,0,28,0,0,1,0,0,0,0,0,0,3,0,0,0,0,0,4,0,0,1,0,0,0,0,0,0,0,0,1,5,0,1,0,0,0,0,0,0,0,0,0,0,0,0,0,0,"P12-2018-11-16"
"41","135",11,"2018","P6",85,"Middle",2018-11-16,380,"10_A18","Aut","A_18","Au1","T",96.2,8.71,12.55,6.78,3.2,0.07,0.5,0.05,0.11,11,1.98,0.25,1.83,3.48,15,30,0,23.63958009,"P6-2018-11-16",11,"2018","P6",85,"Middle",2018-11-16,380,"10_A18","Aut","A_18","Au1","T",0,0,0,0,0,0,1,0,0,0,0,0,0,6,4,0,0,0,0,1,0,0,0,0,0,0,0,0,0,0,0,2,7,0,2,0,0,0,0,0,0,0,0,0,1,0,0,0,0,"P6-2018-11-16"
"42","136",11,"2018","P8",105,"Middle",2018-11-16,380,"10_A18","Aut","A_18","Au1","T",89.4,9.99,14.81,6.893333333,2.3,0.025,3.3,0.05,0.025,8.7,1.81,0.15,0.527,1.63,14,30,0,66.16918287,"P8-2018-11-16",11,"2018","P8",105,"Middle",2018-11-16,380,"10_A18","Aut","A_18","Au1","T",0,0,0,0,0,0,0,0,0,0,0,0,0,0,2,0,0,0,0,4,0,0,0,0,0,0,0,0,0,0,3,1,2,0,1,0,1,0,0,0,0,0,0,0,0,0,0,0,0,"P8-2018-11-16"
"43","137",11,"2018","P2",45,"Right",2018-11-16,380,"10_A18","Aut","A_18","Au1","T",103.6,8.25,15.44666667,6.55,3.1,0.1,2.2,0.05,0.05,7.4,2.77,0.18,0.825,1.77,16.3,29.5,0,73.25636595,"P2-2018-11-16",11,"2018","P2",45,"Right",2018-11-16,380,"10_A18","Aut","A_18","Au1","T",0,0,0,0,0,0,0,0,0,0,0,0,0,0,2,0,0,1,1,0,0,0,0,0,0,0,0,0,0,0,0,0,2,0,0,0,0,0,0,0,0,0,0,0,0,0,0,0,0,"P2-2018-11-16"
"44","138",11,"2018","P4",65,"Right",2018-11-16,380,"10_A18","Aut","A_18","Au1","T",104.8,9.43,14.14,6.306666667,3.1,0.07,2.3,0.05,0.08,6.9,1.84,0.14,0.222,1.89,19.2,29.5,0,70.68124221,"P4-2018-11-16",11,"2018","P4",65,"Right",2018-11-16,380,"10_A18","Aut","A_18","Au1","T",0,0,0,0,0,0,0,0,0,0,0,0,0,0,0,0,0,0,0,1,0,0,0,0,0,0,0,0,0,0,0,0,4,0,0,0,0,0,0,0,0,0,0,0,0,0,0,0,0,"P4-2018-11-16"
"119","43",11,"2018","P9",115,"Left",2018-11-16,380,"10_A18","Aut","A_18","Au1","C",106.1,9.44,NA,6.6675,3.1,0.09,2.3,0.05,0.025,8.5,1.97,0.17,1.2,2.91,17.1,29.5,0,37.22024407,"P9-2018-11-16",11,"2018","P9",115,"Left",2018-11-16,380,"10_A18","Aut","A_18","Au1","C",0,0,0,0,0,0,0,0,0,0,0,0,0,0,1,0,0,0,0,1,0,0,0,0,0,0,0,0,0,0,0,0,1,0,1,0,0,0,0,0,0,0,0,0,0,0,0,0,0,"P9-2018-11-16"
"120","44",11,"2018","P11",135,"Left",2018-11-16,380,"10_A18","Aut","A_18","Au1","C",108.1,9.85,NA,6.6675,3.1,0.15,2.2,0.05,0.05,13.5,1.63,0.23,0.05,1.67,19.7,30,0,71.54850996,"P11-2018-11-16",11,"2018","P11",135,"Left",2018-11-16,380,"10_A18","Aut","A_18","Au1","C",0,0,0,1,0,0,1,0,0,0,0,0,0,0,0,0,0,0,0,0,0,0,0,0,0,0,0,0,0,0,1,0,5,0,6,0,0,0,0,0,0,0,0,0,0,0,0,0,0,"P11-2018-11-16"
"121","45",11,"2018","P5",75,"Middle",2018-11-16,380,"10_A18","Aut","A_18","Au1","C",107.6,9.16,13.02,6.663333333,3.1,0.1,2.5,0.05,0.025,5,1.89,0.26,0.25,2.17,19.3,30,0,63.07797996,"P5-2018-11-16",11,"2018","P5",75,"Middle",2018-11-16,380,"10_A18","Aut","A_18","Au1","C",0,0,0,0,0,0,0,0,0,0,0,0,0,0,0,0,0,0,0,1,0,0,0,0,0,0,0,0,0,0,7,1,5,0,2,0,0,0,0,0,0,0,0,0,0,0,0,0,0,"P5-2018-11-16"
"122","46",11,"2018","P7",95,"Middle",2018-11-16,380,"10_A18","Aut","A_18","Au1","C",123,9.26,13.97,6.956666667,2.7,0.08,2.8,0.05,0.025,10.1,2.12,0.24,1.45,3.2,18.8,30,0,35.64158868,"P7-2018-11-16",11,"2018","P7",95,"Middle",2018-11-16,380,"10_A18","Aut","A_18","Au1","C",0,0,0,0,0,0,0,0,0,0,0,0,0,0,0,0,0,0,0,8,0,0,0,0,0,0,0,0,0,0,1,0,1,0,1,0,0,0,0,0,0,0,0,0,0,0,0,0,0,"P7-2018-11-16"
"123","47",11,"2018","P1",35,"Right",2018-11-16,380,"10_A18","Aut","A_18","Au1","C",110.6,7.1,14.48,6.546666667,2.8,0.13,2.2,0.05,0.07,6.8,1.79,0.01,0.535,2.76,17.9,30,0,53.66593001,"P1-2018-11-16",11,"2018","P1",35,"Right",2018-11-16,380,"10_A18","Aut","A_18","Au1","C",0,0,0,0,0,0,0,0,0,0,0,0,2,1,0,0,0,0,0,15,0,0,0,0,0,0,0,0,0,0,6,0,11,0,2,0,1,0,0,0,0,0,0,0,0,0,0,0,0,"P1-2018-11-16"
"124","48",11,"2018","P3",55,"Right",2018-11-16,380,"10_A18","Aut","A_18","Au1","C",154.5,8.6,11.57666667,6.643333333,3.5,0.05,2.6,0.05,0.07,8.8,2.22,0.17,2.73,3.88,26,30,0,11.82595514,"P3-2018-11-16",11,"2018","P3",55,"Right",2018-11-16,380,"10_A18","Aut","A_18","Au1","C",0,0,0,0,0,0,3,0,0,0,0,0,0,20,10,0,2,0,0,38,0,0,0,0,0,0,0,0,0,0,1,3,16,0,1,0,0,0,0,0,0,0,0,0,0,0,0,0,0,"P3-2018-11-16"
"59","151",12,"2018","P10",125,"Left",2018-12-14,408,"11_W18","Win","W_18","Win2","T",153.7,8.28,NA,6.012096774,3.8,0.11,0.5,0.05,0.09,6.2,1.53,0.021,1.44,4.43,25.4,31,0,40.19157591,"P10-2018-12-14",12,"2018","P10",125,"Left",2018-12-14,408,"11_W18","Win","W_18","Win2","T",0,0,0,1,0,0,0,0,0,0,0,0,0,16,0,0,0,0,0,5,0,0,0,0,0,0,0,0,0,0,0,0,13,0,1,0,0,0,0,0,0,0,0,0,0,0,0,0,0,"P10-2018-12-14"
"60","152",12,"2018","P12",145,"Left",2018-12-14,408,"11_W18","Win","W_18","Win2","T",118.1,9.16,NA,6.012096774,3.4,0.13,1.4,0.921,0.09,5.8,1.32,0.01,0.491,3.86,21.8,29,0,73.96663764,"P12-2018-12-14",12,"2018","P12",145,"Left",2018-12-14,408,"11_W18","Win","W_18","Win2","T",0,0,1,10,0,0,0,0,0,0,0,0,0,13,0,0,0,0,0,0,0,0,0,0,0,0,0,0,0,0,0,0,14,0,1,0,0,0,0,0,0,0,0,0,0,0,0,0,0,"P12-2018-12-14"
"61","153",12,"2018","P6",85,"Middle",2018-12-14,408,"11_W18","Win","W_18","Win2","T",128.9,8.07,10.49677419,6.05483871,4.3,0.09,0.5,0.05,0.08,7.5,1.46,0.022,1.79,3.47,22.4,30,0,29.5151376,"P6-2018-12-14",12,"2018","P6",85,"Middle",2018-12-14,408,"11_W18","Win","W_18","Win2","T",1,0,0,0,0,0,1,0,0,0,0,0,0,3,2,0,0,0,1,38,1,0,0,0,0,0,0,0,0,0,0,2,5,0,3,0,0,0,0,0,0,0,0,0,0,0,0,0,0,"P6-2018-12-14"
"62","154",12,"2018","P8",105,"Middle",2018-12-14,408,"11_W18","Win","W_18","Win2","T",89.9,9.34,14.60645161,5.761290323,2.5,0.025,2.2,0.05,0.025,6,1.4,0.01,0.34,2.39,15.1,30,0,64.35789378,"P8-2018-12-14",12,"2018","P8",105,"Middle",2018-12-14,408,"11_W18","Win","W_18","Win2","T",0,0,0,0,0,0,0,0,0,0,0,0,0,0,6,0,0,0,0,35,0,0,0,0,0,0,0,0,0,0,5,3,3,0,18,0,0,0,0,0,0,0,0,0,0,0,0,0,0,"P8-2018-12-14"
"63","155",12,"2018","P2",45,"Right",2018-12-14,408,"11_W18","Win","W_18","Win2","T",103.7,9.1,11.3,6.251612903,3.5,0.09,1.7,0.05,0.07,6.4,1.74,0.01,1.04,2.74,22.2,30.5,0,76.97344387,"P2-2018-12-14",12,"2018","P2",45,"Right",2018-12-14,408,"11_W18","Win","W_18","Win2","T",0,0,0,0,0,0,0,0,0,0,0,0,0,0,0,0,0,0,1,0,0,0,0,0,0,0,0,0,0,0,0,0,1,0,0,0,0,0,0,0,0,0,0,0,0,0,0,0,0,"P2-2018-12-14"
"64","156",12,"2018","P4",65,"Right",2018-12-14,408,"11_W18","Win","W_18","Win2","T",108.8,8.8,8.864516129,5.95483871,2.7,0.05,1.7,0.05,0.08,6,1.28,0.01,0.199,2.89,20,30,0,73.97452861,"P4-2018-12-14",12,"2018","P4",65,"Right",2018-12-14,408,"11_W18","Win","W_18","Win2","T",0,0,0,0,0,0,0,0,0,0,0,0,0,0,0,0,0,0,1,8,0,0,0,0,0,0,0,0,0,0,0,0,7,0,1,0,0,0,0,0,0,0,0,0,1,0,0,0,0,"P4-2018-12-14"
"139","61",12,"2018","P9",115,"Left",2018-12-14,408,"11_W18","Win","W_18","Win2","C",112.1,8.69,NA,6.012096774,3,0.09,1.5,0.05,0.025,6,1.37,0.01,1.3,2.85,21.2,30,0,40.00781148,"P9-2018-12-14",12,"2018","P9",115,"Left",2018-12-14,408,"11_W18","Win","W_18","Win2","C",0,0,0,0,0,0,0,0,0,0,0,0,0,0,1,0,0,0,2,24,0,0,0,0,0,0,0,0,0,0,1,1,15,0,2,0,0,0,0,0,0,0,0,0,1,1,0,0,0,"P9-2018-12-14"
"140","62",12,"2018","P11",135,"Left",2018-12-14,408,"11_W18","Win","W_18","Win2","C",122.8,8.84,NA,6.012096774,2.8,0.1,2.1,0.05,0.08,7.3,1.13,0.01,0.132,2.95,23.4,30,0,71.6006774,"P11-2018-12-14",12,"2018","P11",135,"Left",2018-12-14,408,"11_W18","Win","W_18","Win2","C",0,0,0,0,0,0,0,0,0,0,0,0,0,0,0,0,0,0,3,0,0,0,0,0,0,0,0,0,0,0,0,0,9,0,1,0,0,0,0,0,0,0,0,0,0,0,0,0,0,"P11-2018-12-14"
"141","63",12,"2018","P5",75,"Middle",2018-12-14,408,"11_W18","Win","W_18","Win2","C",114.8,8.61,12.75806452,5.735483871,3.1,0.07,2,0.05,0.08,4,1.34,0.01,0.23,2.79,21.4,31,0,67.4851925,"P5-2018-12-14",12,"2018","P5",75,"Middle",2018-12-14,408,"11_W18","Win","W_18","Win2","C",0,0,0,0,0,0,0,0,0,0,0,0,0,0,0,0,0,0,0,2,0,0,0,0,0,0,0,0,0,0,0,1,10,0,0,0,0,0,0,0,0,0,0,0,0,0,0,0,0,"P5-2018-12-14"
"142","64",12,"2018","P7",95,"Middle",2018-12-14,408,"11_W18","Win","W_18","Win2","C",142.7,8.35,12.22258065,6.412903226,3.3,0.08,1.8,0.05,0.025,5.8,1.57,0.01,1.52,3.74,26.4,32,0,33.73715547,"P7-2018-12-14",12,"2018","P7",95,"Middle",2018-12-14,408,"11_W18","Win","W_18","Win2","C",0,0,0,0,0,0,0,0,0,0,0,0,0,0,1,0,0,0,1,12,0,0,0,0,0,0,0,0,0,0,0,0,4,0,4,0,0,0,0,0,0,0,0,0,0,0,0,0,0,"P7-2018-12-14"
"143","65",12,"2018","P1",35,"Right",2018-12-14,408,"11_W18","Win","W_18","Win2","C",131.9,8.61,11.40645161,6.019354839,3.8,0.08,1.7,0.05,0.09,5.4,1.29,0.01,1.09,3.24,26.4,30,0,57.92896448,"P1-2018-12-14",12,"2018","P1",35,"Right",2018-12-14,408,"11_W18","Win","W_18","Win2","C",0,0,0,0,0,0,0,0,0,0,0,0,0,0,1,0,0,0,0,22,0,0,0,0,0,0,0,0,0,0,4,1,12,0,1,0,0,0,0,0,0,0,0,0,0,0,0,0,0,"P1-2018-12-14"
"144","66",12,"2018","P3",55,"Right",2018-12-14,408,"11_W18","Win","W_18","Win2","C",186.7,8.08,10.8483871,5.906451613,3.9,0.07,1.3,0.05,0.09,7.6,1.64,0.01,2.33,3.99,35.6,31,0,13.0766544,"P3-2018-12-14",12,"2018","P3",55,"Right",2018-12-14,408,"11_W18","Win","W_18","Win2","C",3,0,0,0,0,0,1,0,2,0,0,0,0,3,6,0,2,0,0,71,0,0,0,0,0,0,0,0,0,0,2,0,31,0,0,0,0,0,0,0,0,0,0,0,0,0,0,0,0,"P3-2018-12-14"
"65","157",1,"2019","P10",125,"Left",2019-01-11,436,"12_W18","Win","W_18","Win2","T",151.85,8.738666667,16.14583333,4.895652174,3.4,0.11,1.1,0.05,0.025,3.4,1.34,0.026,1.2,3.87,24.3,31,0,42.21659138,"P10-2019-01-11",1,"2019","P10",125,"Left",2019-01-11,436,"12_W18","Win","W_18","Win2","T",0,0,0,3,0,0,1,0,0,0,0,0,0,14,1,0,1,0,1,21,1,0,0,0,0,0,0,0,0,0,0,0,3,0,1,0,1,0,0,0,0,0,0,0,0,0,0,0,0,"P10-2019-01-11"
"66","158",1,"2019","P12",145,"Left",2019-01-11,436,"12_W18","Win","W_18","Win2","T",111.55,8.961666667,12.90952381,4.330434783,3.5,0.13,1.2,0.05,0.025,3.9,1.35,0.01,0.467,3.8,16.9,30,0,79.23389068,"P12-2019-01-11",1,"2019","P12",145,"Left",2019-01-11,436,"12_W18","Win","W_18","Win2","T",0,0,0,16,0,0,0,0,0,0,0,0,0,0,0,0,0,0,0,0,0,0,1,0,0,0,0,0,0,0,0,0,6,0,0,0,0,0,0,0,0,0,0,0,0,0,0,0,0,"P12-2019-01-11"
"67","159",1,"2019","P6",85,"Middle",2019-01-11,436,"12_W18","Win","W_18","Win2","T",141.7,8.246333333,12.53548387,4.720689655,3.7,0.11,1.2,0.05,0.025,4.4,1.21,0.028,1.52,3.15,26.1,30,0,32.20799471,"P6-2019-01-11",1,"2019","P6",85,"Middle",2019-01-11,436,"12_W18","Win","W_18","Win2","T",0,0,0,0,0,0,0,0,0,0,0,0,0,6,0,0,0,0,0,29,0,0,0,0,0,0,0,0,0,0,0,0,10,0,3,0,0,0,0,0,0,0,0,0,0,0,0,0,0,"P6-2019-01-11"
"69","160",1,"2019","P8",105,"Middle",2019-01-11,436,"12_W18","Win","W_18","Win2","T",101.7,9.185333333,17.48709677,4.403448276,2.9,0.025,2.1,0.05,0.09,2.8,1.03,0.01,0.131,2.06,14.6,30,0,70.15537127,"P8-2019-01-11",1,"2019","P8",105,"Middle",2019-01-11,436,"12_W18","Win","W_18","Win2","T",0,0,0,0,0,0,0,0,0,0,0,0,0,0,0,0,0,0,0,5,1,0,0,0,0,0,0,0,0,0,0,0,3,0,1,0,0,0,0,0,0,0,0,0,0,0,0,0,0,"P8-2019-01-11"
"70","161",1,"2019","P2",45,"Right",2019-01-11,436,"12_W18","Win","W_18","Win2","T",146.225,8.763333333,18.52580645,4.64137931,3.5,0.07,1.6,0.05,0.025,7.6,2.09,0.01,0.578,3.25,22.5,31,0,84.64906916,"P2-2019-01-11",1,"2019","P2",45,"Right",2019-01-11,436,"12_W18","Win","W_18","Win2","T",0,0,0,0,0,0,0,0,0,0,0,0,0,1,0,0,0,2,3,8,0,0,0,0,0,0,0,0,0,0,0,0,2,0,4,0,0,0,0,0,0,0,0,0,1,0,0,0,0,"P2-2019-01-11"
"71","162",1,"2019","P4",65,"Right",2019-01-11,436,"12_W18","Win","W_18","Win2","T",140.4,8.359,3.512903226,4.95862069,3.4,0.025,1.3,0.05,0.025,4.8,1.65,0.01,0.141,2.89,20.1,30.5,0,74.91963056,"P4-2019-01-11",1,"2019","P4",65,"Right",2019-01-11,436,"12_W18","Win","W_18","Win2","T",0,0,0,0,0,0,0,0,0,0,0,0,0,0,1,0,0,0,2,2,0,0,0,0,0,0,0,0,0,0,0,0,15,0,0,0,0,0,0,0,0,0,0,0,0,0,0,0,0,"P4-2019-01-11"
"145","67",1,"2019","P9",115,"Left",2019-01-11,436,"12_W18","Win","W_18","Win2","C",124.05,8.965666667,NA,4.692640044,3.3,0.09,1.5,0.05,0.025,3.9,1.54,0.01,0.816,2.28,19.3,30,0,43.3006466,"P9-2019-01-11",1,"2019","P9",115,"Left",2019-01-11,436,"12_W18","Win","W_18","Win2","C",0,0,0,0,0,0,0,0,0,0,0,0,0,0,0,0,0,0,2,15,0,0,0,0,0,0,0,0,0,0,0,0,6,0,2,0,0,0,0,0,0,0,0,0,0,0,0,0,0,"P9-2019-01-11"
"146","68",1,"2019","P11",135,"Left",2019-01-11,436,"12_W18","Win","W_18","Win2","C",149.775,8.799,18.74166667,4.982608696,3.4,0.12,1.6,0.05,0.025,4.8,1.25,0.01,0.261,3.73,24.8,30.5,0,72.89275362,"P11-2019-01-11",1,"2019","P11",135,"Left",2019-01-11,436,"12_W18","Win","W_18","Win2","C",0,0,0,0,0,0,0,0,0,0,0,0,0,0,0,0,0,1,0,0,0,0,0,0,0,0,0,0,0,0,0,0,3,0,1,0,0,0,0,0,0,0,0,0,0,0,0,0,0,"P11-2019-01-11"
"147","69",1,"2019","P5",75,"Middle",2019-01-11,436,"12_W18","Win","W_18","Win2","C",140.9,8.593666667,14.6483871,4.696551724,3.1,0.05,1.8,0.05,0.025,1.9,1.14,0.01,0.155,2.85,22.8,31,0,71.26554567,"P5-2019-01-11",1,"2019","P5",75,"Middle",2019-01-11,436,"12_W18","Win","W_18","Win2","C",0,0,0,0,0,0,0,0,0,0,0,0,0,0,0,0,0,0,0,7,0,0,0,0,0,0,0,0,0,0,0,0,7,0,0,0,0,0,0,0,0,0,0,0,0,0,0,0,0,"P5-2019-01-11"
"149","70",1,"2019","P7",95,"Middle",2019-01-11,436,"12_W18","Win","W_18","Win2","C",170.35,8.714,11.01612903,4.810344828,3.7,0.1,1.6,0.05,0.07,3.4,1.38,0.01,1,3.61,30.9,31,0,41.1385633,"P7-2019-01-11",1,"2019","P7",95,"Middle",2019-01-11,436,"12_W18","Win","W_18","Win2","C",0,0,0,0,0,1,0,0,0,0,0,0,0,2,0,0,1,1,1,25,2,0,0,0,0,0,0,0,0,0,0,1,5,0,6,0,0,0,0,0,0,0,0,0,0,0,0,0,0,"P7-2019-01-11"
"150","71",1,"2019","P1",35,"Right",2019-01-11,436,"12_W18","Win","W_18","Win2","C",165.45,8.323,12.58387097,4.617241379,3.6,0.09,1.6,0.05,0.07,1.8,1.04,0.01,0.587,2.91,29.8,30.5,0,61.60908613,"P1-2019-01-11",1,"2019","P1",35,"Right",2019-01-11,436,"12_W18","Win","W_18","Win2","C",0,0,0,0,0,0,0,0,0,0,0,0,0,1,0,0,0,0,0,9,0,0,0,0,0,0,0,0,0,0,0,1,16,0,2,0,0,0,0,0,0,0,0,0,0,0,0,0,0,"P1-2019-01-11"
"151","72",1,"2019","P3",55,"Right",2019-01-11,436,"12_W18","Win","W_18","Win2","C",213.1,8.152666667,13.39677419,4.562068966,3.9,0.09,1.3,0.05,0.025,4.6,2.5,0.01,1.94,3.73,41.2,30,0,11.20564854,"P3-2019-01-11",1,"2019","P3",55,"Right",2019-01-11,436,"12_W18","Win","W_18","Win2","C",0,0,0,0,0,0,0,0,1,0,0,0,0,0,0,0,1,0,0,10,0,0,0,0,0,0,0,0,0,0,0,1,34,0,0,0,0,0,0,0,0,0,0,0,1,0,0,0,0,"P3-2019-01-11"
"72","163",3,"2019","P10",125,"Left",2019-03-15,499,"13_SP19","Spr","SP_19","Sp2","T",127.4666667,8.69,12.61904762,7.510526316,3.3,0.1,0.5,0.05,0.07,3.3,1.15,0.01,1.03,3.54,19.4,30,0,43.55528968,"P10-2019-03-15",3,"2019","P10",125,"Left",2019-03-15,499,"13_SP19","Spr","SP_19","Sp2","T",0,0,0,0,0,0,1,0,0,0,0,0,0,14,1,0,0,0,0,13,0,0,0,0,0,0,0,0,0,0,0,0,7,0,0,0,0,0,0,0,0,0,0,0,0,0,0,0,0,"P10-2019-03-15"
"73","164",3,"2019","P12",145,"Left",2019-03-15,499,"13_SP19","Spr","SP_19","Sp2","T",119.5666667,9.09,10.29354839,7.77037037,3.3,0.15,0.5,0.05,0.08,1.4,1.02,0.01,0.164,3.84,18.1,31,0,83.12576538,"P12-2019-03-15",3,"2019","P12",145,"Left",2019-03-15,499,"13_SP19","Spr","SP_19","Sp2","T",0,0,0,1,0,0,0,0,0,0,0,0,0,2,1,0,0,0,0,3,0,0,0,0,0,0,0,0,0,0,0,0,5,0,0,0,0,0,0,0,0,0,14,0,0,1,0,0,0,"P12-2019-03-15"
"74","165",3,"2019","P6",85,"Middle",2019-03-15,499,"13_SP19","Spr","SP_19","Sp2","T",130.3333333,8.456666667,12.17096774,8.203448276,3.5,0.1,1.3,0.757,0.06,1.8,0.993,0.01,1.35,2.93,21.1,31,0,36.23119015,"P6-2019-03-15",3,"2019","P6",85,"Middle",2019-03-15,499,"13_SP19","Spr","SP_19","Sp2","T",0,0,0,0,0,0,0,0,0,0,0,0,0,19,2,0,2,0,0,12,1,0,0,0,0,0,0,0,0,0,0,2,14,0,0,0,0,0,0,0,0,0,0,0,0,0,0,0,0,"P6-2019-03-15"
"75","166",3,"2019","P8",105,"Middle",2019-03-15,499,"13_SP19","Spr","SP_19","Sp2","T",107.6666667,9.143333333,13.12580645,7.986206897,3.7,0.06,1.6,1.09,0.025,0.5,1.09,0.01,0.17,2.73,18,32,0,82.19682125,"P8-2019-03-15",3,"2019","P8",105,"Middle",2019-03-15,499,"13_SP19","Spr","SP_19","Sp2","T",0,0,0,0,0,0,0,0,0,0,0,0,0,19,0,0,0,0,0,7,0,0,0,0,0,0,0,0,0,0,0,1,3,0,2,2,0,0,0,0,0,0,0,0,0,0,0,0,0,"P8-2019-03-15"
"76","167",3,"2019","P2",45,"Right",2019-03-15,499,"13_SP19","Spr","SP_19","Sp2","T",160.1666667,9.09,13.62258065,7.524137931,4.1,0.07,1.1,0.05,0.025,7.3,1.48,0.01,0.784,4.1,26.8,29,0,91.81380045,"P2-2019-03-15",3,"2019","P2",45,"Right",2019-03-15,499,"13_SP19","Spr","SP_19","Sp2","T",0,0,0,0,0,0,0,0,0,0,0,0,0,1,0,0,0,0,0,1,0,0,0,0,0,0,0,0,0,0,0,0,25,0,1,0,0,0,0,0,0,0,0,0,0,0,0,0,0,"P2-2019-03-15"
"77","168",3,"2019","P4",65,"Right",2019-03-15,499,"13_SP19","Spr","SP_19","Sp2","T",148.3666667,8.793333333,12.21290323,7.993103448,4.1,0.05,1.4,0.05,0.05,1.7,1.23,0.025,0.442,3.78,23.2,33,0,82.49638554,"P4-2019-03-15",3,"2019","P4",65,"Right",2019-03-15,499,"13_SP19","Spr","SP_19","Sp2","T",0,0,0,0,0,0,0,0,0,0,0,0,0,1,0,0,0,0,0,5,0,0,0,0,0,0,0,0,0,0,0,2,15,0,5,0,0,0,0,0,0,0,0,0,0,0,0,0,0,"P4-2019-03-15"
"152","73",3,"2019","P9",115,"Left",2019-03-15,499,"13_SP19","Spr","SP_19","Sp2","C",121.8333333,8.69,NA,7.85607322,3.3,0.08,1.1,0.05,0.025,1.6,1.01,0.01,0.531,2.51,20.8,NA,0,43.66719661,"P9-2019-03-15",3,"2019","P9",115,"Left",2019-03-15,499,"13_SP19","Spr","SP_19","Sp2","C",0,0,0,0,0,0,0,0,0,0,0,0,0,0,0,0,0,0,0,6,0,0,0,0,0,0,0,0,0,0,0,0,29,0,1,0,0,0,0,0,0,0,0,0,0,0,0,0,0,"P9-2019-03-15"
"153","74",3,"2019","P11",135,"Left",2019-03-15,499,"13_SP19","Spr","SP_19","Sp2","C",154.7666667,9,13.25714286,7.568421053,3.5,0.12,1.4,0.05,0.025,3.6,1.18,0.01,0.05,4.19,22.7,NA,0,86.74143244,"P11-2019-03-15",3,"2019","P11",135,"Left",2019-03-15,499,"13_SP19","Spr","SP_19","Sp2","C",0,0,0,0,0,0,0,0,0,0,0,0,0,0,0,0,0,0,6,6,0,0,0,0,0,0,0,0,0,0,0,0,8,0,3,0,0,0,0,0,0,0,0,0,0,0,0,0,0,"P11-2019-03-15"
"154","75",3,"2019","P5",75,"Middle",2019-03-15,499,"13_SP19","Spr","SP_19","Sp2","C",153.2,8.67,12.10322581,8.155172414,3.4,0.07,1.8,1.02,0.05,0.5,1.22,0.01,0.447,3.59,25.4,31,0,80.31430375,"P5-2019-03-15",3,"2019","P5",75,"Middle",2019-03-15,499,"13_SP19","Spr","SP_19","Sp2","C",0,0,0,0,0,0,0,0,0,0,0,0,0,0,0,0,0,0,0,12,0,0,0,0,0,0,0,0,0,0,0,0,18,0,3,0,0,1,0,0,0,0,0,0,0,0,0,0,0,"P5-2019-03-15"
"155","76",3,"2019","P7",95,"Middle",2019-03-15,499,"13_SP19","Spr","SP_19","Sp2","C",175.3666667,8.343333333,11.89677419,8.057142857,3.8,0.09,1.2,0.05,0.05,0.5,1.31,0.044,0.92,3.85,29.4,31,0,40.28041167,"P7-2019-03-15",3,"2019","P7",95,"Middle",2019-03-15,499,"13_SP19","Spr","SP_19","Sp2","C",0,0,0,0,0,0,0,0,0,0,0,0,0,0,0,0,1,0,4,45,0,0,0,0,0,0,0,0,0,0,0,1,21,0,1,0,0,0,0,0,0,0,0,0,0,0,0,0,0,"P7-2019-03-15"
"156","77",3,"2019","P1",35,"Right",2019-03-15,499,"13_SP19","Spr","SP_19","Sp2","C",171.3666667,8.656666667,10.53225806,7.34137931,4,0.09,1.4,0.05,0.06,0.5,0.944,0.01,0.855,3.06,32.1,27,0,63.25501037,"P1-2019-03-15",3,"2019","P1",35,"Right",2019-03-15,499,"13_SP19","Spr","SP_19","Sp2","C",0,0,0,0,0,0,0,0,0,0,0,0,0,0,1,0,0,0,0,6,0,0,0,0,0,0,0,0,0,0,0,1,15,0,0,0,0,0,0,0,0,0,0,0,0,0,0,0,0,"P1-2019-03-15"
"157","78",3,"2019","P3",55,"Right",2019-03-15,499,"13_SP19","Spr","SP_19","Sp2","C",194.7333333,8.17,11.46774194,8.306896552,3.7,0.08,1,0.05,0.07,3.3,1.16,0.021,1.64,3.36,34.3,27,0,23.33218272,"P3-2019-03-15",3,"2019","P3",55,"Right",2019-03-15,499,"13_SP19","Spr","SP_19","Sp2","C",0,0,0,0,0,0,0,0,0,0,0,0,0,6,0,0,3,0,0,55,0,0,0,0,0,0,0,0,0,0,0,3,40,0,0,0,0,0,0,0,0,0,3,0,0,0,0,0,0,"P3-2019-03-15"
"78","169",5,"2019","P10",125,"Left",2019-05-02,547,"14_SP19","Spr","SP_19","Sp2","T",90.83333333,9.566666667,NA,14.2483871,5,0.11,0.5,0.05,0.13,1.5,0.552,0.01,0.05,3.1,11.2,31,12.9608526,50.93492252,"P10-2019-05-02",5,"2019","P10",125,"Left",2019-05-02,547,"14_SP19","Spr","SP_19","Sp2","T",0,0,0,2,0,0,0,0,0,0,0,0,0,2,3,1,0,0,0,13,0,0,0,0,0,0,0,0,0,0,0,0,6,0,1,0,0,0,0,0,0,0,0,0,0,0,0,0,0,"P10-2019-05-02"
"80","170",5,"2019","P12",145,"Left",2019-05-02,547,"14_SP19","Spr","SP_19","Sp2","T",100.9,9.733333333,8.729032258,13.54516129,5.1,0.1,0.5,0.05,0.14,0.5,0.312,0.01,0.05,3.25,15,30,28.74242632,74.99488446,"P12-2019-05-02",5,"2019","P12",145,"Left",2019-05-02,547,"14_SP19","Spr","SP_19","Sp2","T",0,0,0,3,0,0,0,0,0,0,0,0,0,0,0,0,0,0,0,6,0,0,0,0,0,0,0,0,0,0,0,0,4,0,1,0,0,0,0,0,0,0,0,0,0,0,0,0,0,"P12-2019-05-02"
"81","171",5,"2019","P6",85,"Middle",2019-05-02,547,"14_SP19","Spr","SP_19","Sp2","T",105.4933333,8.866666667,11.95806452,15.09354839,4.8,0.08,0.5,0.05,0.12,3.5,1.01,0.01,0.394,2.71,13.6,30.5,0.055365288,52.53296596,"P6-2019-05-02",5,"2019","P6",85,"Middle",2019-05-02,547,"14_SP19","Spr","SP_19","Sp2","T",0,0,0,0,0,0,1,0,0,0,0,0,0,3,3,0,3,0,0,9,1,0,0,0,0,0,0,0,0,0,0,2,10,0,1,0,0,1,0,0,0,0,0,0,0,0,0,0,0,"P6-2019-05-02"
"82","172",5,"2019","P8",105,"Middle",2019-05-02,547,"14_SP19","Spr","SP_19","Sp2","T",93.16666667,9.333333333,13.05806452,14.01290323,4,0.06,0.5,0.05,0.1,0.5,1.1,0.01,0.05,2.84,15.3,30,39.9867342,69.56215755,"P8-2019-05-02",5,"2019","P8",105,"Middle",2019-05-02,547,"14_SP19","Spr","SP_19","Sp2","T",0,0,0,0,0,0,0,0,0,0,0,0,0,0,1,0,0,0,1,8,0,0,0,0,0,0,0,0,0,0,0,1,1,0,0,0,0,0,0,0,0,0,0,0,0,0,0,0,0,"P8-2019-05-02"
"83","173",5,"2019","P2",45,"Right",2019-05-02,547,"14_SP19","Spr","SP_19","Sp2","T",127.8,9.233333333,11.31935484,13.65806452,5.1,0.07,0.5,0.05,0.1,0.5,1.23,0.01,0.05,3.82,23,30,36.0350428,81.37876581,"P2-2019-05-02",5,"2019","P2",45,"Right",2019-05-02,547,"14_SP19","Spr","SP_19","Sp2","T",0,0,0,0,0,0,0,0,0,0,0,0,0,1,0,0,0,0,0,0,0,0,0,0,0,0,0,0,0,0,0,0,15,0,0,0,0,0,0,0,0,0,0,0,0,0,0,0,0,"P2-2019-05-02"
"84","174",5,"2019","P4",65,"Right",2019-05-02,547,"14_SP19","Spr","SP_19","Sp2","T",118.29,8.9,11.16451613,14.26129032,5.1,0.025,0.5,0.05,0.11,0.5,1.06,0.01,0.05,3.4,18.4,30,34.16351015,68.94208928,"P4-2019-05-02",5,"2019","P4",65,"Right",2019-05-02,547,"14_SP19","Spr","SP_19","Sp2","T",0,0,0,0,0,0,0,0,0,0,0,0,0,0,0,0,0,0,0,5,0,0,0,0,0,0,0,1,0,0,0,0,5,0,0,0,0,0,0,0,0,0,0,0,0,0,1,0,0,"P4-2019-05-02"
"158","79",5,"2019","P9",115,"Left",2019-05-02,547,"14_SP19","Spr","SP_19","Sp2","C",93.46666667,9.666666667,NA,14.2483871,4,0.07,0.5,0.05,0.11,0.5,0.808,0.01,0.05,2.41,13,29,32.75497556,60.9833924,"P9-2019-05-02",5,"2019","P9",115,"Left",2019-05-02,547,"14_SP19","Spr","SP_19","Sp2","C",0,0,0,0,0,0,0,0,0,0,0,0,0,0,0,1,0,0,0,5,1,0,0,0,0,0,0,0,0,0,0,1,8,1,0,0,0,0,0,0,0,0,0,0,0,0,0,0,0,"P9-2019-05-02"
"160","80",5,"2019","P11",135,"Left",2019-05-02,547,"14_SP19","Spr","SP_19","Sp2","C",105.4333333,9.366666667,NA,14.2483871,4.7,0.1,0.5,0.05,0.11,0.5,1.15,0.01,0.05,3.3,14.1,31,31.56595744,71.89079651,"P11-2019-05-02",5,"2019","P11",135,"Left",2019-05-02,547,"14_SP19","Spr","SP_19","Sp2","C",0,0,0,0,0,0,0,0,0,0,0,0,0,0,0,0,0,0,0,3,0,0,0,0,0,0,0,0,0,0,0,0,2,0,2,0,0,0,0,0,0,0,0,0,0,0,0,0,0,"P11-2019-05-02"
"161","81",5,"2019","P5",75,"Middle",2019-05-02,547,"14_SP19","Spr","SP_19","Sp2","C",110.6666667,9.1,11.02258065,14.62258065,3,0.06,1.7,0.05,0.1,4.9,1.42,0.01,0.05,3.07,17.3,30,44.07216933,75.06029208,"P5-2019-05-02",5,"2019","P5",75,"Middle",2019-05-02,547,"14_SP19","Spr","SP_19","Sp2","C",0,0,0,0,0,0,0,0,0,0,0,0,0,0,0,0,0,0,1,4,0,0,0,0,0,0,0,0,0,0,0,3,6,0,0,0,0,0,0,0,0,0,0,0,0,0,0,0,0,"P5-2019-05-02"
"162","82",5,"2019","P7",95,"Middle",2019-05-02,547,"14_SP19","Spr","SP_19","Sp2","C",135.7666667,8.5,9.25483871,14.07419355,4.9,0.09,0.5,0.05,0.12,0.5,1.34,0.01,0.209,3.65,17.7,30.5,8.997619431,55.78785424,"P7-2019-05-02",5,"2019","P7",95,"Middle",2019-05-02,547,"14_SP19","Spr","SP_19","Sp2","C",0,0,0,0,0,0,0,0,0,0,0,0,0,0,0,0,0,0,1,24,0,0,0,0,0,0,0,0,0,0,0,0,8,2,0,0,0,0,0,0,0,0,0,0,0,0,0,0,0,"P7-2019-05-02"
"163","83",5,"2019","P1",35,"Right",2019-05-02,547,"14_SP19","Spr","SP_19","Sp2","C",117.9666667,8.066666667,3.05483871,13.4516129,5.9,0.08,0.5,0.05,0.12,0.5,0.906,0.047,0.4,3.91,32,30,52.09232066,76.74939943,"P1-2019-05-02",5,"2019","P1",35,"Right",2019-05-02,547,"14_SP19","Spr","SP_19","Sp2","C",0,0,0,0,0,0,0,0,0,0,0,0,0,0,0,0,0,0,0,2,0,0,0,0,0,0,0,0,0,0,0,2,3,1,0,0,0,0,0,0,0,0,0,0,0,1,0,0,0,"P1-2019-05-02"
"164","84",5,"2019","P3",55,"Right",2019-05-02,547,"14_SP19","Spr","SP_19","Sp2","C",145.4833333,7.966666667,10.69354839,15.51612903,5.2,0.07,0.5,0.05,0.14,4.4,1.12,0.09,1.36,3.17,19.9,29.5,43.50708251,24.20092221,"P3-2019-05-02",5,"2019","P3",55,"Right",2019-05-02,547,"14_SP19","Spr","SP_19","Sp2","C",0,0,0,0,0,0,0,0,0,0,0,0,0,0,2,1,0,0,0,8,0,0,0,0,0,0,0,0,0,0,0,2,12,4,0,0,0,0,0,0,0,0,3,0,0,1,0,0,0,"P3-2019-05-02"
"85","175",6,"2019","P10",125,"Left",2019-06-27,603,"15_SU19","Sum","SU_19","Su2","T",103.7,9.6675,NA,20.17121212,4.75,0.095,1.3,0.05,0.065,3.5,0.996,0.01,0.0625,3.35,12.2,30.5,4.363331893,64.11399093,"P10-2019-06-27",6,"2019","P10",125,"Left",2019-06-27,603,"15_SU19","Sum","SU_19","Su2","T",0,0,0,3,0,0,0,0,0,0,0,0,0,0,0,0,1,0,0,1,1,0,0,0,0,0,0,0,0,0,0,0,0,0,0,0,0,0,0,0,0,0,0,0,0,0,0,0,0,"P10-2019-06-27"
"86","176",6,"2019","P12",145,"Left",2019-06-27,603,"15_SU19","Sum","SU_19","Su2","T",107.55,9.9025,2.89,18.34666667,6.15,0.1,1.25,0.05,0.12,3.55,0.971,0.01,0.3765,3.735,15.7,30,6.527782942,78.78993928,"P12-2019-06-27",6,"2019","P12",145,"Left",2019-06-27,603,"15_SU19","Sum","SU_19","Su2","T",0,0,0,10,0,0,0,0,0,0,0,0,0,0,1,0,0,0,0,1,0,0,0,0,0,0,0,0,0,0,0,1,0,0,2,0,0,0,0,3,1,0,0,0,0,0,0,0,0,"P12-2019-06-27"
"87","177",6,"2019","P6",85,"Middle",2019-06-27,603,"15_SU19","Sum","SU_19","Su2","T",140.725,8.1925,8.606666667,20.94,4.9,0.08,0.7,0.05,0.06,4.9,1.235,0.01,0.589,3.56,21.8,30,13.90992357,46.79490736,"P6-2019-06-27",6,"2019","P6",85,"Middle",2019-06-27,603,"15_SU19","Sum","SU_19","Su2","T",0,0,0,0,0,0,0,0,0,0,0,0,0,2,6,0,1,0,0,8,1,0,0,0,0,0,0,0,0,0,0,4,0,0,9,0,0,1,0,0,0,0,0,0,0,0,0,0,0,"P6-2019-06-27"
"88","178",6,"2019","P8",105,"Middle",2019-06-27,603,"15_SU19","Sum","SU_19","Su2","T",124.55,9.03,8.186666667,20.07333333,4.15,0.055,1.35,0.05,0.05,3.7,1.505,0.01,0.895,3.145,18.65,30,16.70292231,74.59968182,"P8-2019-06-27",6,"2019","P8",105,"Middle",2019-06-27,603,"15_SU19","Sum","SU_19","Su2","T",0,0,0,0,0,0,0,0,0,0,0,0,0,0,1,0,0,0,0,11,1,0,0,0,0,0,0,0,0,0,0,4,0,0,5,0,0,0,0,0,0,0,0,0,0,0,0,0,0,"P8-2019-06-27"
"89","179",6,"2019","P2",45,"Right",2019-06-27,603,"15_SU19","Sum","SU_19","Su2","T",131.55,8.805,5.596666667,19.25333333,4.15,0.035,1.45,0.05,0.05,4.75,1.585,0.01,1.16,3.675,26.8,29.75,11.19720572,83.6310422,"P2-2019-06-27",6,"2019","P2",45,"Right",2019-06-27,603,"15_SU19","Sum","SU_19","Su2","T",0,0,0,2,0,0,0,0,0,0,0,0,0,0,0,0,0,0,0,20,2,0,0,0,0,0,0,0,0,0,0,5,0,0,2,0,0,0,0,0,0,0,0,0,0,0,0,0,0,"P2-2019-06-27"
"91","180",6,"2019","P4",65,"Right",2019-06-27,603,"15_SU19","Sum","SU_19","Su2","T",152.275,8.2775,4.18,20.20333333,6.6,0.03,1.05,0.05,0.09,1.65,1.46,0.01,1.695,4.16,29.9,30,14.77656136,78.49537354,"P4-2019-06-27",6,"2019","P4",65,"Right",2019-06-27,603,"15_SU19","Sum","SU_19","Su2","T",0,0,0,0,0,0,0,0,0,0,0,0,0,0,0,0,0,0,0,16,0,0,0,0,0,0,0,0,0,0,0,1,0,0,6,0,0,0,0,0,0,0,0,0,0,0,0,0,0,"P4-2019-06-27"
"165","85",6,"2019","P9",115,"Left",2019-06-27,603,"15_SU19","Sum","SU_19","Su2","C",102.6,9.6975,7.1,21.16666667,3.9,0.065,1.35,0.05,0.055,3.6,1.354,0.01,0.605,2.825,14.4,29,0.156942884,75.75971232,"P9-2019-06-27",6,"2019","P9",115,"Left",2019-06-27,603,"15_SU19","Sum","SU_19","Su2","C",0,0,0,0,0,0,0,0,0,0,0,0,0,0,1,0,0,0,0,3,0,0,0,0,0,0,0,0,0,0,0,0,0,0,1,0,0,0,0,0,0,0,0,0,0,0,0,0,0,"P9-2019-06-27"
"166","86",6,"2019","P11",135,"Left",2019-06-27,603,"15_SU19","Sum","SU_19","Su2","C",120.25,9.45825,2.47,20.76666667,4.2,0.08,1.7,0.05,0.055,5.9,1.565,0.01,1.175,3.24,17.65,30.25,0,73.26322702,"P11-2019-06-27",6,"2019","P11",135,"Left",2019-06-27,603,"15_SU19","Sum","SU_19","Su2","C",0,0,0,21,0,0,0,0,0,0,0,0,0,0,0,0,0,0,0,4,0,0,0,0,0,0,0,0,0,0,0,0,1,0,4,0,0,0,0,0,0,0,0,0,0,0,0,0,0,"P11-2019-06-27"
"167","87",6,"2019","P5",75,"Middle",2019-06-27,603,"15_SU19","Sum","SU_19","Su2","C",130.175,8.76,7.713333333,19.62666667,2.9,0.03,2.55,0.05,0.085,7.5,1.715,0.01,1.1,3.27,20.1,30,13.2638536,74.21887323,"P5-2019-06-27",6,"2019","P5",75,"Middle",2019-06-27,603,"15_SU19","Sum","SU_19","Su2","C",0,0,0,0,0,0,0,0,0,0,0,0,0,0,1,1,0,0,0,15,0,0,0,0,0,0,0,0,0,0,0,0,0,0,1,0,0,0,0,0,0,0,0,0,0,0,0,0,0,"P5-2019-06-27"
"168","88",6,"2019","P7",95,"Middle",2019-06-27,603,"15_SU19","Sum","SU_19","Su2","C",168.2,8.29,5.626666667,20.11333333,4.5,0.095,1,0.05,0.06,3.05,1.625,0.01,1.0295,3.88,23.45,30,14.67244443,63.41833678,"P7-2019-06-27",6,"2019","P7",95,"Middle",2019-06-27,603,"15_SU19","Sum","SU_19","Su2","C",0,0,0,0,0,0,0,0,0,0,0,0,0,0,13,1,0,0,0,13,0,0,0,0,0,0,0,1,0,0,0,1,0,0,2,0,0,0,0,0,0,0,0,0,0,0,0,0,0,"P7-2019-06-27"
"169","89",6,"2019","P1",35,"Right",2019-06-27,603,"15_SU19","Sum","SU_19","Su2","C",234.25,7.6675,2.72,19.96333333,6,0.08,0.5,0.05,0.095,2.9,1.198,0.044,2.06,4.29,37.9,30,38.04633527,84.35173686,"P1-2019-06-27",6,"2019","P1",35,"Right",2019-06-27,603,"15_SU19","Sum","SU_19","Su2","C",0,0,0,6,0,0,0,0,0,0,0,0,0,0,13,1,0,0,0,1,0,0,0,0,0,0,0,0,0,0,0,12,0,0,4,0,0,0,0,0,0,0,0,0,0,0,0,0,0,"P1-2019-06-27"
"171","90",6,"2019","P3",55,"Right",2019-06-27,603,"15_SU19","Sum","SU_19","Su2","C",137.6,8.41,7.913333333,21.43,4.8,0.065,1.1,0.05,0.1,5.85,1.52,0.0635,1.36,3.435,21.3,28.75,12.90991073,40.05711537,"P3-2019-06-27",6,"2019","P3",55,"Right",2019-06-27,603,"15_SU19","Sum","SU_19","Su2","C",0,0,0,0,0,0,0,0,0,0,0,0,0,2,7,0,1,0,0,5,0,0,0,0,0,0,0,0,0,0,0,1,0,0,0,0,0,0,0,0,0,0,2,0,0,0,0,0,0,"P3-2019-06-27"
